kernel,variant,parent,compiler,optimization,compile_status,behavior_match,first_mismatch_x,first_mismatch_y,payload_status,payload_match,errors,erasures,traceability,source_carriers_present,assembly_carriers_retained,assembly_retention,certificate_sha256
fnv_step,baseline,,gcc,-O0,EXECUTED,True,,,CERTIFIED_UNIQUE,True,0,0,1.0,28,0,0.0,839837b20d46652345f4e4c2d75955f9da782f2ecc087d77f9012367352b3c04
fnv_step,baseline,,gcc,-O2,EXECUTED,True,,,CERTIFIED_UNIQUE,True,0,0,1.0,28,0,0.0,839837b20d46652345f4e4c2d75955f9da782f2ecc087d77f9012367352b3c04
fnv_step,baseline,,clang,-O0,EXECUTED,True,,,CERTIFIED_UNIQUE,True,0,0,1.0,28,28,1.0,839837b20d46652345f4e4c2d75955f9da782f2ecc087d77f9012367352b3c04
fnv_step,baseline,,clang,-O2,EXECUTED,True,,,CERTIFIED_UNIQUE,True,0,0,1.0,28,0,0.0,839837b20d46652345f4e4c2d75955f9da782f2ecc087d77f9012367352b3c04
fnv_step,rename,baseline,gcc,-O0,EXECUTED,True,,,CERTIFIED_UNIQUE,True,0,0,1.0,28,0,0.0,307f5dc94ae01f88f54d3b622061a6747a3ed48d31eaea3cea20ad1e988011ad
fnv_step,rename,baseline,gcc,-O2,EXECUTED,True,,,CERTIFIED_UNIQUE,True,0,0,1.0,28,0,0.0,307f5dc94ae01f88f54d3b622061a6747a3ed48d31eaea3cea20ad1e988011ad
fnv_step,rename,baseline,clang,-O0,EXECUTED,True,,,CERTIFIED_UNIQUE,True,0,0,1.0,28,28,1.0,307f5dc94ae01f88f54d3b622061a6747a3ed48d31eaea3cea20ad1e988011ad
fnv_step,rename,baseline,clang,-O2,EXECUTED,True,,,CERTIFIED_UNIQUE,True,0,0,1.0,28,0,0.0,307f5dc94ae01f88f54d3b622061a6747a3ed48d31eaea3cea20ad1e988011ad
fnv_step,reorder,rename,gcc,-O0,EXECUTED,True,,,CERTIFIED_UNIQUE,True,0,0,1.0,28,0,0.0,3c59bc43d237da480e60bc7a479118661ebc2de9788fe43b8486c80ea63a60f7
fnv_step,reorder,rename,gcc,-O2,EXECUTED,True,,,CERTIFIED_UNIQUE,True,0,0,1.0,28,0,0.0,3c59bc43d237da480e60bc7a479118661ebc2de9788fe43b8486c80ea63a60f7
fnv_step,reorder,rename,clang,-O0,EXECUTED,True,,,CERTIFIED_UNIQUE,True,0,0,1.0,28,28,1.0,3c59bc43d237da480e60bc7a479118661ebc2de9788fe43b8486c80ea63a60f7
fnv_step,reorder,rename,clang,-O2,EXECUTED,True,,,CERTIFIED_UNIQUE,True,0,0,1.0,28,0,0.0,3c59bc43d237da480e60bc7a479118661ebc2de9788fe43b8486c80ea63a60f7
fnv_step,extract,reorder,gcc,-O0,EXECUTED,True,,,CERTIFIED_UNIQUE,True,0,0,1.0,28,28,1.0,ad737d3cc6f357df5a81ce6220f723875c2294b7fdb7e73240860432bea889ad
fnv_step,extract,reorder,gcc,-O2,EXECUTED,True,,,CERTIFIED_UNIQUE,True,0,0,1.0,28,0,0.0,ad737d3cc6f357df5a81ce6220f723875c2294b7fdb7e73240860432bea889ad
fnv_step,extract,reorder,clang,-O0,EXECUTED,True,,,CERTIFIED_UNIQUE,True,0,0,1.0,28,28,1.0,ad737d3cc6f357df5a81ce6220f723875c2294b7fdb7e73240860432bea889ad
fnv_step,extract,reorder,clang,-O2,EXECUTED,True,,,CERTIFIED_UNIQUE,True,0,0,1.0,28,0,0.0,ad737d3cc6f357df5a81ce6220f723875c2294b7fdb7e73240860432bea889ad
fnv_step,dependency_upgrade,extract,gcc,-O0,EXECUTED,True,,,CERTIFIED_UNIQUE,True,0,0,1.0,28,28,1.0,254bbd8cab3337c996e5d173047c17eeb4d0287d8ea5d2b9790d119abd5e391c
fnv_step,dependency_upgrade,extract,gcc,-O2,EXECUTED,True,,,CERTIFIED_UNIQUE,True,0,0,1.0,28,0,0.0,254bbd8cab3337c996e5d173047c17eeb4d0287d8ea5d2b9790d119abd5e391c
fnv_step,dependency_upgrade,extract,clang,-O0,EXECUTED,True,,,CERTIFIED_UNIQUE,True,0,0,1.0,28,28,1.0,254bbd8cab3337c996e5d173047c17eeb4d0287d8ea5d2b9790d119abd5e391c
fnv_step,dependency_upgrade,extract,clang,-O2,EXECUTED,True,,,CERTIFIED_UNIQUE,True,0,0,1.0,28,0,0.0,254bbd8cab3337c996e5d173047c17eeb4d0287d8ea5d2b9790d119abd5e391c
fnv_step,format,dependency_upgrade,gcc,-O0,EXECUTED,True,,,CERTIFIED_UNIQUE,True,0,0,1.0,28,28,1.0,1de2638464ce75f44c1ab3d548d38933848a3a724d23a37611ce47296f0847c6
fnv_step,format,dependency_upgrade,gcc,-O2,EXECUTED,True,,,CERTIFIED_UNIQUE,True,0,0,1.0,28,0,0.0,1de2638464ce75f44c1ab3d548d38933848a3a724d23a37611ce47296f0847c6
fnv_step,format,dependency_upgrade,clang,-O0,EXECUTED,True,,,CERTIFIED_UNIQUE,True,0,0,1.0,28,28,1.0,1de2638464ce75f44c1ab3d548d38933848a3a724d23a37611ce47296f0847c6
fnv_step,format,dependency_upgrade,clang,-O2,EXECUTED,True,,,CERTIFIED_UNIQUE,True,0,0,1.0,28,0,0.0,1de2638464ce75f44c1ab3d548d38933848a3a724d23a37611ce47296f0847c6
fnv_step,erase_tolerable,dependency_upgrade,gcc,-O0,EXECUTED,True,,,CERTIFIED_UNIQUE,True,0,2,0.9285714285714286,26,26,1.0,f10d77d80abccc2f10b0c1a27a2e7efec881633502eaed674d59ddda4c39793b
fnv_step,erase_tolerable,dependency_upgrade,gcc,-O2,EXECUTED,True,,,CERTIFIED_UNIQUE,True,0,2,0.9285714285714286,26,0,0.0,f10d77d80abccc2f10b0c1a27a2e7efec881633502eaed674d59ddda4c39793b
fnv_step,erase_tolerable,dependency_upgrade,clang,-O0,EXECUTED,True,,,CERTIFIED_UNIQUE,True,0,2,0.9285714285714286,26,26,1.0,f10d77d80abccc2f10b0c1a27a2e7efec881633502eaed674d59ddda4c39793b
fnv_step,erase_tolerable,dependency_upgrade,clang,-O2,EXECUTED,True,,,CERTIFIED_UNIQUE,True,0,2,0.9285714285714286,26,0,0.0,f10d77d80abccc2f10b0c1a27a2e7efec881633502eaed674d59ddda4c39793b
fnv_step,merge_tolerable,"format,erase_tolerable",gcc,-O0,EXECUTED,True,,,CERTIFIED_UNIQUE,True,0,2,0.9285714285714286,26,26,1.0,e1d67c9c7a07d6ee41c9cf770edb08d0cbb626ff2848e018f54435cb33aad945
fnv_step,merge_tolerable,"format,erase_tolerable",gcc,-O2,EXECUTED,True,,,CERTIFIED_UNIQUE,True,0,2,0.9285714285714286,26,0,0.0,e1d67c9c7a07d6ee41c9cf770edb08d0cbb626ff2848e018f54435cb33aad945
fnv_step,merge_tolerable,"format,erase_tolerable",clang,-O0,EXECUTED,True,,,CERTIFIED_UNIQUE,True,0,2,0.9285714285714286,26,26,1.0,e1d67c9c7a07d6ee41c9cf770edb08d0cbb626ff2848e018f54435cb33aad945
fnv_step,merge_tolerable,"format,erase_tolerable",clang,-O2,EXECUTED,True,,,CERTIFIED_UNIQUE,True,0,2,0.9285714285714286,26,0,0.0,e1d67c9c7a07d6ee41c9cf770edb08d0cbb626ff2848e018f54435cb33aad945
fnv_step,flip_tolerable,merge_tolerable,gcc,-O0,EXECUTED,True,,,CERTIFIED_UNIQUE,True,2,2,0.9285714285714286,26,26,1.0,099a99c463554f56c737bb8e583754fde351c0671d7c7f958826baf25d5f0f97
fnv_step,flip_tolerable,merge_tolerable,gcc,-O2,EXECUTED,True,,,CERTIFIED_UNIQUE,True,2,2,0.9285714285714286,26,0,0.0,099a99c463554f56c737bb8e583754fde351c0671d7c7f958826baf25d5f0f97
fnv_step,flip_tolerable,merge_tolerable,clang,-O0,EXECUTED,True,,,CERTIFIED_UNIQUE,True,2,2,0.9285714285714286,26,26,1.0,099a99c463554f56c737bb8e583754fde351c0671d7c7f958826baf25d5f0f97
fnv_step,flip_tolerable,merge_tolerable,clang,-O2,EXECUTED,True,,,CERTIFIED_UNIQUE,True,2,2,0.9285714285714286,26,0,0.0,099a99c463554f56c737bb8e583754fde351c0671d7c7f958826baf25d5f0f97
fnv_step,recovery_break,dependency_upgrade,gcc,-O0,EXECUTED,True,,,NOT_CERTIFIED,False,1,1,0.9642857142857143,27,27,1.0,39f2e7dcca079130619d3d8811110149765e5b211b98be82e62cdde9bd368ace
fnv_step,recovery_break,dependency_upgrade,gcc,-O2,EXECUTED,True,,,NOT_CERTIFIED,False,1,1,0.9642857142857143,27,0,0.0,39f2e7dcca079130619d3d8811110149765e5b211b98be82e62cdde9bd368ace
fnv_step,recovery_break,dependency_upgrade,clang,-O0,EXECUTED,True,,,NOT_CERTIFIED,False,1,1,0.9642857142857143,27,27,1.0,39f2e7dcca079130619d3d8811110149765e5b211b98be82e62cdde9bd368ace
fnv_step,recovery_break,dependency_upgrade,clang,-O2,EXECUTED,True,,,NOT_CERTIFIED,False,1,1,0.9642857142857143,27,0,0.0,39f2e7dcca079130619d3d8811110149765e5b211b98be82e62cdde9bd368ace
fnv_step,reseed,dependency_upgrade,gcc,-O0,EXECUTED,True,,,CERTIFIED_UNIQUE,True,0,0,0.0,28,28,1.0,f1429c5dedd4ff99d45f3fa08d5e1cf17bd8b348fd2246b880f8388f085e0cbb
fnv_step,reseed,dependency_upgrade,gcc,-O2,EXECUTED,True,,,CERTIFIED_UNIQUE,True,0,0,0.0,28,0,0.0,f1429c5dedd4ff99d45f3fa08d5e1cf17bd8b348fd2246b880f8388f085e0cbb
fnv_step,reseed,dependency_upgrade,clang,-O0,EXECUTED,True,,,CERTIFIED_UNIQUE,True,0,0,0.0,28,28,1.0,f1429c5dedd4ff99d45f3fa08d5e1cf17bd8b348fd2246b880f8388f085e0cbb
fnv_step,reseed,dependency_upgrade,clang,-O2,EXECUTED,True,,,CERTIFIED_UNIQUE,True,0,0,0.0,28,0,0.0,f1429c5dedd4ff99d45f3fa08d5e1cf17bd8b348fd2246b880f8388f085e0cbb
fnv_step,behavior_drift,dependency_upgrade,gcc,-O0,EXECUTED,False,66,153,CERTIFIED_UNIQUE,True,0,0,1.0,28,28,1.0,cc3733733b46b9e768e97df97548660465b3b6b4540ba3472e4d44cc79c9bd93
fnv_step,behavior_drift,dependency_upgrade,gcc,-O2,EXECUTED,False,66,153,CERTIFIED_UNIQUE,True,0,0,1.0,28,0,0.0,cc3733733b46b9e768e97df97548660465b3b6b4540ba3472e4d44cc79c9bd93
fnv_step,behavior_drift,dependency_upgrade,clang,-O0,EXECUTED,False,66,153,CERTIFIED_UNIQUE,True,0,0,1.0,28,28,1.0,cc3733733b46b9e768e97df97548660465b3b6b4540ba3472e4d44cc79c9bd93
fnv_step,behavior_drift,dependency_upgrade,clang,-O2,EXECUTED,False,66,153,CERTIFIED_UNIQUE,True,0,0,1.0,28,0,0.0,cc3733733b46b9e768e97df97548660465b3b6b4540ba3472e4d44cc79c9bd93
jenkins_step,baseline,,gcc,-O0,EXECUTED,True,,,CERTIFIED_UNIQUE,True,0,0,1.0,28,0,0.0,2aec563b0bb28eea9691dde5b15ba8cea0dbc2e3297ab4acb0a64b6b3080e64a
jenkins_step,baseline,,gcc,-O2,EXECUTED,True,,,CERTIFIED_UNIQUE,True,0,0,1.0,28,0,0.0,2aec563b0bb28eea9691dde5b15ba8cea0dbc2e3297ab4acb0a64b6b3080e64a
jenkins_step,baseline,,clang,-O0,EXECUTED,True,,,CERTIFIED_UNIQUE,True,0,0,1.0,28,28,1.0,2aec563b0bb28eea9691dde5b15ba8cea0dbc2e3297ab4acb0a64b6b3080e64a
jenkins_step,baseline,,clang,-O2,EXECUTED,True,,,CERTIFIED_UNIQUE,True,0,0,1.0,28,0,0.0,2aec563b0bb28eea9691dde5b15ba8cea0dbc2e3297ab4acb0a64b6b3080e64a
jenkins_step,rename,baseline,gcc,-O0,EXECUTED,True,,,CERTIFIED_UNIQUE,True,0,0,1.0,28,0,0.0,a1769f6e3abf5fd0b5a4630fb1c6f88d9b12ec52284d7c1fc8f712f534b2d65e
jenkins_step,rename,baseline,gcc,-O2,EXECUTED,True,,,CERTIFIED_UNIQUE,True,0,0,1.0,28,0,0.0,a1769f6e3abf5fd0b5a4630fb1c6f88d9b12ec52284d7c1fc8f712f534b2d65e
jenkins_step,rename,baseline,clang,-O0,EXECUTED,True,,,CERTIFIED_UNIQUE,True,0,0,1.0,28,28,1.0,a1769f6e3abf5fd0b5a4630fb1c6f88d9b12ec52284d7c1fc8f712f534b2d65e
jenkins_step,rename,baseline,clang,-O2,EXECUTED,True,,,CERTIFIED_UNIQUE,True,0,0,1.0,28,0,0.0,a1769f6e3abf5fd0b5a4630fb1c6f88d9b12ec52284d7c1fc8f712f534b2d65e
jenkins_step,reorder,rename,gcc,-O0,EXECUTED,True,,,CERTIFIED_UNIQUE,True,0,0,1.0,28,0,0.0,9b2a6be3ae032db9fde299f088a8ce3ffb50f5462174d9363b0d80be726a231c
jenkins_step,reorder,rename,gcc,-O2,EXECUTED,True,,,CERTIFIED_UNIQUE,True,0,0,1.0,28,0,0.0,9b2a6be3ae032db9fde299f088a8ce3ffb50f5462174d9363b0d80be726a231c
jenkins_step,reorder,rename,clang,-O0,EXECUTED,True,,,CERTIFIED_UNIQUE,True,0,0,1.0,28,28,1.0,9b2a6be3ae032db9fde299f088a8ce3ffb50f5462174d9363b0d80be726a231c
jenkins_step,reorder,rename,clang,-O2,EXECUTED,True,,,CERTIFIED_UNIQUE,True,0,0,1.0,28,0,0.0,9b2a6be3ae032db9fde299f088a8ce3ffb50f5462174d9363b0d80be726a231c
jenkins_step,extract,reorder,gcc,-O0,EXECUTED,True,,,CERTIFIED_UNIQUE,True,0,0,1.0,28,28,1.0,95f55cb420dc7db26704dffc5aeb73f613e79baa87790d5ad2056a80c5bc89d7
jenkins_step,extract,reorder,gcc,-O2,EXECUTED,True,,,CERTIFIED_UNIQUE,True,0,0,1.0,28,0,0.0,95f55cb420dc7db26704dffc5aeb73f613e79baa87790d5ad2056a80c5bc89d7
jenkins_step,extract,reorder,clang,-O0,EXECUTED,True,,,CERTIFIED_UNIQUE,True,0,0,1.0,28,28,1.0,95f55cb420dc7db26704dffc5aeb73f613e79baa87790d5ad2056a80c5bc89d7
jenkins_step,extract,reorder,clang,-O2,EXECUTED,True,,,CERTIFIED_UNIQUE,True,0,0,1.0,28,0,0.0,95f55cb420dc7db26704dffc5aeb73f613e79baa87790d5ad2056a80c5bc89d7
jenkins_step,dependency_upgrade,extract,gcc,-O0,EXECUTED,True,,,CERTIFIED_UNIQUE,True,0,0,1.0,28,28,1.0,93f5115c4f2cefdf9baf4838519abdac76d8c932e93d5be59bcbdc48cc9635b7
jenkins_step,dependency_upgrade,extract,gcc,-O2,EXECUTED,True,,,CERTIFIED_UNIQUE,True,0,0,1.0,28,0,0.0,93f5115c4f2cefdf9baf4838519abdac76d8c932e93d5be59bcbdc48cc9635b7
jenkins_step,dependency_upgrade,extract,clang,-O0,EXECUTED,True,,,CERTIFIED_UNIQUE,True,0,0,1.0,28,28,1.0,93f5115c4f2cefdf9baf4838519abdac76d8c932e93d5be59bcbdc48cc9635b7
jenkins_step,dependency_upgrade,extract,clang,-O2,EXECUTED,True,,,CERTIFIED_UNIQUE,True,0,0,1.0,28,0,0.0,93f5115c4f2cefdf9baf4838519abdac76d8c932e93d5be59bcbdc48cc9635b7
jenkins_step,format,dependency_upgrade,gcc,-O0,EXECUTED,True,,,CERTIFIED_UNIQUE,True,0,0,1.0,28,28,1.0,1e340ecae7074da57837e0a3b73808f28d283cb9f43aab138f0f5034d52798b7
jenkins_step,format,dependency_upgrade,gcc,-O2,EXECUTED,True,,,CERTIFIED_UNIQUE,True,0,0,1.0,28,0,0.0,1e340ecae7074da57837e0a3b73808f28d283cb9f43aab138f0f5034d52798b7
jenkins_step,format,dependency_upgrade,clang,-O0,EXECUTED,True,,,CERTIFIED_UNIQUE,True,0,0,1.0,28,28,1.0,1e340ecae7074da57837e0a3b73808f28d283cb9f43aab138f0f5034d52798b7
jenkins_step,format,dependency_upgrade,clang,-O2,EXECUTED,True,,,CERTIFIED_UNIQUE,True,0,0,1.0,28,0,0.0,1e340ecae7074da57837e0a3b73808f28d283cb9f43aab138f0f5034d52798b7
jenkins_step,erase_tolerable,dependency_upgrade,gcc,-O0,EXECUTED,True,,,CERTIFIED_UNIQUE,True,0,2,0.9285714285714286,26,26,1.0,7a6659b6a648abc65e0d485e77fbb4a20cb93cd1b483a5303a192ac339d241d7
jenkins_step,erase_tolerable,dependency_upgrade,gcc,-O2,EXECUTED,True,,,CERTIFIED_UNIQUE,True,0,2,0.9285714285714286,26,0,0.0,7a6659b6a648abc65e0d485e77fbb4a20cb93cd1b483a5303a192ac339d241d7
jenkins_step,erase_tolerable,dependency_upgrade,clang,-O0,EXECUTED,True,,,CERTIFIED_UNIQUE,True,0,2,0.9285714285714286,26,26,1.0,7a6659b6a648abc65e0d485e77fbb4a20cb93cd1b483a5303a192ac339d241d7
jenkins_step,erase_tolerable,dependency_upgrade,clang,-O2,EXECUTED,True,,,CERTIFIED_UNIQUE,True,0,2,0.9285714285714286,26,0,0.0,7a6659b6a648abc65e0d485e77fbb4a20cb93cd1b483a5303a192ac339d241d7
jenkins_step,merge_tolerable,"format,erase_tolerable",gcc,-O0,EXECUTED,True,,,CERTIFIED_UNIQUE,True,0,2,0.9285714285714286,26,26,1.0,07a807584b1d63b1ddf266ae2c2693d2dfc718f0fc7d504428fff102013b9033
jenkins_step,merge_tolerable,"format,erase_tolerable",gcc,-O2,EXECUTED,True,,,CERTIFIED_UNIQUE,True,0,2,0.9285714285714286,26,0,0.0,07a807584b1d63b1ddf266ae2c2693d2dfc718f0fc7d504428fff102013b9033
jenkins_step,merge_tolerable,"format,erase_tolerable",clang,-O0,EXECUTED,True,,,CERTIFIED_UNIQUE,True,0,2,0.9285714285714286,26,26,1.0,07a807584b1d63b1ddf266ae2c2693d2dfc718f0fc7d504428fff102013b9033
jenkins_step,merge_tolerable,"format,erase_tolerable",clang,-O2,EXECUTED,True,,,CERTIFIED_UNIQUE,True,0,2,0.9285714285714286,26,0,0.0,07a807584b1d63b1ddf266ae2c2693d2dfc718f0fc7d504428fff102013b9033
jenkins_step,flip_tolerable,merge_tolerable,gcc,-O0,EXECUTED,True,,,CERTIFIED_UNIQUE,True,2,2,0.9285714285714286,26,26,1.0,4986ec0a0392a345e18640186792b104ae87cc1f4328bab8f7a8b91eb6dbee33
jenkins_step,flip_tolerable,merge_tolerable,gcc,-O2,EXECUTED,True,,,CERTIFIED_UNIQUE,True,2,2,0.9285714285714286,26,0,0.0,4986ec0a0392a345e18640186792b104ae87cc1f4328bab8f7a8b91eb6dbee33
jenkins_step,flip_tolerable,merge_tolerable,clang,-O0,EXECUTED,True,,,CERTIFIED_UNIQUE,True,2,2,0.9285714285714286,26,26,1.0,4986ec0a0392a345e18640186792b104ae87cc1f4328bab8f7a8b91eb6dbee33
jenkins_step,flip_tolerable,merge_tolerable,clang,-O2,EXECUTED,True,,,CERTIFIED_UNIQUE,True,2,2,0.9285714285714286,26,0,0.0,4986ec0a0392a345e18640186792b104ae87cc1f4328bab8f7a8b91eb6dbee33
jenkins_step,recovery_break,dependency_upgrade,gcc,-O0,EXECUTED,True,,,NOT_CERTIFIED,False,1,1,0.9642857142857143,27,27,1.0,f27c8658b53bda99eff24e455caf73cb74e8ffb8d6b5787a0a5f15e2b1f1bef3
jenkins_step,recovery_break,dependency_upgrade,gcc,-O2,EXECUTED,True,,,NOT_CERTIFIED,False,1,1,0.9642857142857143,27,0,0.0,f27c8658b53bda99eff24e455caf73cb74e8ffb8d6b5787a0a5f15e2b1f1bef3
jenkins_step,recovery_break,dependency_upgrade,clang,-O0,EXECUTED,True,,,NOT_CERTIFIED,False,1,1,0.9642857142857143,27,27,1.0,f27c8658b53bda99eff24e455caf73cb74e8ffb8d6b5787a0a5f15e2b1f1bef3
jenkins_step,recovery_break,dependency_upgrade,clang,-O2,EXECUTED,True,,,NOT_CERTIFIED,False,1,1,0.9642857142857143,27,0,0.0,f27c8658b53bda99eff24e455caf73cb74e8ffb8d6b5787a0a5f15e2b1f1bef3
jenkins_step,reseed,dependency_upgrade,gcc,-O0,EXECUTED,True,,,CERTIFIED_UNIQUE,True,0,0,0.0,28,28,1.0,be448c496810d213a38f27f295437e3bc92ac2e282e7a44c59f495dc45d36375
jenkins_step,reseed,dependency_upgrade,gcc,-O2,EXECUTED,True,,,CERTIFIED_UNIQUE,True,0,0,0.0,28,0,0.0,be448c496810d213a38f27f295437e3bc92ac2e282e7a44c59f495dc45d36375
jenkins_step,reseed,dependency_upgrade,clang,-O0,EXECUTED,True,,,CERTIFIED_UNIQUE,True,0,0,0.0,28,28,1.0,be448c496810d213a38f27f295437e3bc92ac2e282e7a44c59f495dc45d36375
jenkins_step,reseed,dependency_upgrade,clang,-O2,EXECUTED,True,,,CERTIFIED_UNIQUE,True,0,0,0.0,28,0,0.0,be448c496810d213a38f27f295437e3bc92ac2e282e7a44c59f495dc45d36375
jenkins_step,behavior_drift,dependency_upgrade,gcc,-O0,EXECUTED,False,66,153,CERTIFIED_UNIQUE,True,0,0,1.0,28,28,1.0,db885631fe81a3e3a388acaa3fd04d0472e936dc70a5f11b8b5c3e84623b0202
jenkins_step,behavior_drift,dependency_upgrade,gcc,-O2,EXECUTED,False,66,153,CERTIFIED_UNIQUE,True,0,0,1.0,28,0,0.0,db885631fe81a3e3a388acaa3fd04d0472e936dc70a5f11b8b5c3e84623b0202
jenkins_step,behavior_drift,dependency_upgrade,clang,-O0,EXECUTED,False,66,153,CERTIFIED_UNIQUE,True,0,0,1.0,28,28,1.0,db885631fe81a3e3a388acaa3fd04d0472e936dc70a5f11b8b5c3e84623b0202
jenkins_step,behavior_drift,dependency_upgrade,clang,-O2,EXECUTED,False,66,153,CERTIFIED_UNIQUE,True,0,0,1.0,28,0,0.0,db885631fe81a3e3a388acaa3fd04d0472e936dc70a5f11b8b5c3e84623b0202
crc8_step,baseline,,gcc,-O0,EXECUTED,True,,,CERTIFIED_UNIQUE,True,0,0,1.0,28,0,0.0,5df81f4467b601308d4e4ece55677e515214f774218438a7c8a74cb8311a48dd
crc8_step,baseline,,gcc,-O2,EXECUTED,True,,,CERTIFIED_UNIQUE,True,0,0,1.0,28,0,0.0,5df81f4467b601308d4e4ece55677e515214f774218438a7c8a74cb8311a48dd
crc8_step,baseline,,clang,-O0,EXECUTED,True,,,CERTIFIED_UNIQUE,True,0,0,1.0,28,28,1.0,5df81f4467b601308d4e4ece55677e515214f774218438a7c8a74cb8311a48dd
crc8_step,baseline,,clang,-O2,EXECUTED,True,,,CERTIFIED_UNIQUE,True,0,0,1.0,28,0,0.0,5df81f4467b601308d4e4ece55677e515214f774218438a7c8a74cb8311a48dd
crc8_step,rename,baseline,gcc,-O0,EXECUTED,True,,,CERTIFIED_UNIQUE,True,0,0,1.0,28,0,0.0,95efe0edd81e82f88f29bafb7cd36a188b571cb211639ad781797bfb14a7d8aa
crc8_step,rename,baseline,gcc,-O2,EXECUTED,True,,,CERTIFIED_UNIQUE,True,0,0,1.0,28,0,0.0,95efe0edd81e82f88f29bafb7cd36a188b571cb211639ad781797bfb14a7d8aa
crc8_step,rename,baseline,clang,-O0,EXECUTED,True,,,CERTIFIED_UNIQUE,True,0,0,1.0,28,28,1.0,95efe0edd81e82f88f29bafb7cd36a188b571cb211639ad781797bfb14a7d8aa
crc8_step,rename,baseline,clang,-O2,EXECUTED,True,,,CERTIFIED_UNIQUE,True,0,0,1.0,28,0,0.0,95efe0edd81e82f88f29bafb7cd36a188b571cb211639ad781797bfb14a7d8aa
crc8_step,reorder,rename,gcc,-O0,EXECUTED,True,,,CERTIFIED_UNIQUE,True,0,0,1.0,28,0,0.0,78d176879814abc3e5ae54ae058a309e0475dd603c0913572068f7f6bb7c7a68
crc8_step,reorder,rename,gcc,-O2,EXECUTED,True,,,CERTIFIED_UNIQUE,True,0,0,1.0,28,0,0.0,78d176879814abc3e5ae54ae058a309e0475dd603c0913572068f7f6bb7c7a68
crc8_step,reorder,rename,clang,-O0,EXECUTED,True,,,CERTIFIED_UNIQUE,True,0,0,1.0,28,28,1.0,78d176879814abc3e5ae54ae058a309e0475dd603c0913572068f7f6bb7c7a68
crc8_step,reorder,rename,clang,-O2,EXECUTED,True,,,CERTIFIED_UNIQUE,True,0,0,1.0,28,0,0.0,78d176879814abc3e5ae54ae058a309e0475dd603c0913572068f7f6bb7c7a68
crc8_step,extract,reorder,gcc,-O0,EXECUTED,True,,,CERTIFIED_UNIQUE,True,0,0,1.0,28,28,1.0,b94d75e644e5e24bbef215face7ae6fa260c75da3786912cb47a4393d88ce962
crc8_step,extract,reorder,gcc,-O2,EXECUTED,True,,,CERTIFIED_UNIQUE,True,0,0,1.0,28,0,0.0,b94d75e644e5e24bbef215face7ae6fa260c75da3786912cb47a4393d88ce962
crc8_step,extract,reorder,clang,-O0,EXECUTED,True,,,CERTIFIED_UNIQUE,True,0,0,1.0,28,28,1.0,b94d75e644e5e24bbef215face7ae6fa260c75da3786912cb47a4393d88ce962
crc8_step,extract,reorder,clang,-O2,EXECUTED,True,,,CERTIFIED_UNIQUE,True,0,0,1.0,28,0,0.0,b94d75e644e5e24bbef215face7ae6fa260c75da3786912cb47a4393d88ce962
crc8_step,dependency_upgrade,extract,gcc,-O0,EXECUTED,True,,,CERTIFIED_UNIQUE,True,0,0,1.0,28,28,1.0,ec360d91f542faf015017d6fe0afe38c90110793e2b70a6dca065d7c4538730a
crc8_step,dependency_upgrade,extract,gcc,-O2,EXECUTED,True,,,CERTIFIED_UNIQUE,True,0,0,1.0,28,0,0.0,ec360d91f542faf015017d6fe0afe38c90110793e2b70a6dca065d7c4538730a
crc8_step,dependency_upgrade,extract,clang,-O0,EXECUTED,True,,,CERTIFIED_UNIQUE,True,0,0,1.0,28,28,1.0,ec360d91f542faf015017d6fe0afe38c90110793e2b70a6dca065d7c4538730a
crc8_step,dependency_upgrade,extract,clang,-O2,EXECUTED,True,,,CERTIFIED_UNIQUE,True,0,0,1.0,28,0,0.0,ec360d91f542faf015017d6fe0afe38c90110793e2b70a6dca065d7c4538730a
crc8_step,format,dependency_upgrade,gcc,-O0,EXECUTED,True,,,CERTIFIED_UNIQUE,True,0,0,1.0,28,28,1.0,069f3bebabab000722a761580484498f09c631baf27572a03abedaa02a1cf606
crc8_step,format,dependency_upgrade,gcc,-O2,EXECUTED,True,,,CERTIFIED_UNIQUE,True,0,0,1.0,28,0,0.0,069f3bebabab000722a761580484498f09c631baf27572a03abedaa02a1cf606
crc8_step,format,dependency_upgrade,clang,-O0,EXECUTED,True,,,CERTIFIED_UNIQUE,True,0,0,1.0,28,28,1.0,069f3bebabab000722a761580484498f09c631baf27572a03abedaa02a1cf606
crc8_step,format,dependency_upgrade,clang,-O2,EXECUTED,True,,,CERTIFIED_UNIQUE,True,0,0,1.0,28,0,0.0,069f3bebabab000722a761580484498f09c631baf27572a03abedaa02a1cf606
crc8_step,erase_tolerable,dependency_upgrade,gcc,-O0,EXECUTED,True,,,CERTIFIED_UNIQUE,True,0,2,0.9285714285714286,26,26,1.0,45041dbeee5a64ab9561c676e2d9a14476e29d5b226efb3cc56931126ef61772
crc8_step,erase_tolerable,dependency_upgrade,gcc,-O2,EXECUTED,True,,,CERTIFIED_UNIQUE,True,0,2,0.9285714285714286,26,0,0.0,45041dbeee5a64ab9561c676e2d9a14476e29d5b226efb3cc56931126ef61772
crc8_step,erase_tolerable,dependency_upgrade,clang,-O0,EXECUTED,True,,,CERTIFIED_UNIQUE,True,0,2,0.9285714285714286,26,26,1.0,45041dbeee5a64ab9561c676e2d9a14476e29d5b226efb3cc56931126ef61772
crc8_step,erase_tolerable,dependency_upgrade,clang,-O2,EXECUTED,True,,,CERTIFIED_UNIQUE,True,0,2,0.9285714285714286,26,0,0.0,45041dbeee5a64ab9561c676e2d9a14476e29d5b226efb3cc56931126ef61772
crc8_step,merge_tolerable,"format,erase_tolerable",gcc,-O0,EXECUTED,True,,,CERTIFIED_UNIQUE,True,0,2,0.9285714285714286,26,26,1.0,478d7a31cb34ad0e69464bad52a48748fddb90ea11c65fb2152998090d3f5b04
crc8_step,merge_tolerable,"format,erase_tolerable",gcc,-O2,EXECUTED,True,,,CERTIFIED_UNIQUE,True,0,2,0.9285714285714286,26,0,0.0,478d7a31cb34ad0e69464bad52a48748fddb90ea11c65fb2152998090d3f5b04
crc8_step,merge_tolerable,"format,erase_tolerable",clang,-O0,EXECUTED,True,,,CERTIFIED_UNIQUE,True,0,2,0.9285714285714286,26,26,1.0,478d7a31cb34ad0e69464bad52a48748fddb90ea11c65fb2152998090d3f5b04
crc8_step,merge_tolerable,"format,erase_tolerable",clang,-O2,EXECUTED,True,,,CERTIFIED_UNIQUE,True,0,2,0.9285714285714286,26,0,0.0,478d7a31cb34ad0e69464bad52a48748fddb90ea11c65fb2152998090d3f5b04
crc8_step,flip_tolerable,merge_tolerable,gcc,-O0,EXECUTED,True,,,CERTIFIED_UNIQUE,True,2,2,0.9285714285714286,26,26,1.0,6642315832a3e1378e37eac62c7952510f2760ed19fee9018618d6c01742c14d
crc8_step,flip_tolerable,merge_tolerable,gcc,-O2,EXECUTED,True,,,CERTIFIED_UNIQUE,True,2,2,0.9285714285714286,26,0,0.0,6642315832a3e1378e37eac62c7952510f2760ed19fee9018618d6c01742c14d
crc8_step,flip_tolerable,merge_tolerable,clang,-O0,EXECUTED,True,,,CERTIFIED_UNIQUE,True,2,2,0.9285714285714286,26,26,1.0,6642315832a3e1378e37eac62c7952510f2760ed19fee9018618d6c01742c14d
crc8_step,flip_tolerable,merge_tolerable,clang,-O2,EXECUTED,True,,,CERTIFIED_UNIQUE,True,2,2,0.9285714285714286,26,0,0.0,6642315832a3e1378e37eac62c7952510f2760ed19fee9018618d6c01742c14d
crc8_step,recovery_break,dependency_upgrade,gcc,-O0,EXECUTED,True,,,NOT_CERTIFIED,False,1,1,0.9642857142857143,27,27,1.0,cfb9555be158042a717c7fb16d997e01e95f50eb7e7c1fa53b59f7238be6d44b
crc8_step,recovery_break,dependency_upgrade,gcc,-O2,EXECUTED,True,,,NOT_CERTIFIED,False,1,1,0.9642857142857143,27,0,0.0,cfb9555be158042a717c7fb16d997e01e95f50eb7e7c1fa53b59f7238be6d44b
crc8_step,recovery_break,dependency_upgrade,clang,-O0,EXECUTED,True,,,NOT_CERTIFIED,False,1,1,0.9642857142857143,27,27,1.0,cfb9555be158042a717c7fb16d997e01e95f50eb7e7c1fa53b59f7238be6d44b
crc8_step,recovery_break,dependency_upgrade,clang,-O2,EXECUTED,True,,,NOT_CERTIFIED,False,1,1,0.9642857142857143,27,0,0.0,cfb9555be158042a717c7fb16d997e01e95f50eb7e7c1fa53b59f7238be6d44b
crc8_step,reseed,dependency_upgrade,gcc,-O0,EXECUTED,True,,,CERTIFIED_UNIQUE,True,0,0,0.0,28,28,1.0,e334acd018131e9100220ea3db48a289045ae906a25b96aad368e19ebae13a2d
crc8_step,reseed,dependency_upgrade,gcc,-O2,EXECUTED,True,,,CERTIFIED_UNIQUE,True,0,0,0.0,28,0,0.0,e334acd018131e9100220ea3db48a289045ae906a25b96aad368e19ebae13a2d
crc8_step,reseed,dependency_upgrade,clang,-O0,EXECUTED,True,,,CERTIFIED_UNIQUE,True,0,0,0.0,28,28,1.0,e334acd018131e9100220ea3db48a289045ae906a25b96aad368e19ebae13a2d
crc8_step,reseed,dependency_upgrade,clang,-O2,EXECUTED,True,,,CERTIFIED_UNIQUE,True,0,0,0.0,28,0,0.0,e334acd018131e9100220ea3db48a289045ae906a25b96aad368e19ebae13a2d
crc8_step,behavior_drift,dependency_upgrade,gcc,-O0,EXECUTED,False,66,153,CERTIFIED_UNIQUE,True,0,0,1.0,28,28,1.0,4fccf22a993f9f57e216705f1a18cd1b5a0bd3b9db7f1db0a71fc962b934c650
crc8_step,behavior_drift,dependency_upgrade,gcc,-O2,EXECUTED,False,66,153,CERTIFIED_UNIQUE,True,0,0,1.0,28,0,0.0,4fccf22a993f9f57e216705f1a18cd1b5a0bd3b9db7f1db0a71fc962b934c650
crc8_step,behavior_drift,dependency_upgrade,clang,-O0,EXECUTED,False,66,153,CERTIFIED_UNIQUE,True,0,0,1.0,28,28,1.0,4fccf22a993f9f57e216705f1a18cd1b5a0bd3b9db7f1db0a71fc962b934c650
crc8_step,behavior_drift,dependency_upgrade,clang,-O2,EXECUTED,False,66,153,CERTIFIED_UNIQUE,True,0,0,1.0,28,0,0.0,4fccf22a993f9f57e216705f1a18cd1b5a0bd3b9db7f1db0a71fc962b934c650
fletcher_step,baseline,,gcc,-O0,EXECUTED,True,,,CERTIFIED_UNIQUE,True,0,0,1.0,28,0,0.0,3493c63c591065d44433598b0149bb033da2d2c672b6e917be51e3134439c615
fletcher_step,baseline,,gcc,-O2,EXECUTED,True,,,CERTIFIED_UNIQUE,True,0,0,1.0,28,0,0.0,3493c63c591065d44433598b0149bb033da2d2c672b6e917be51e3134439c615
fletcher_step,baseline,,clang,-O0,EXECUTED,True,,,CERTIFIED_UNIQUE,True,0,0,1.0,28,28,1.0,3493c63c591065d44433598b0149bb033da2d2c672b6e917be51e3134439c615
fletcher_step,baseline,,clang,-O2,EXECUTED,True,,,CERTIFIED_UNIQUE,True,0,0,1.0,28,0,0.0,3493c63c591065d44433598b0149bb033da2d2c672b6e917be51e3134439c615
fletcher_step,rename,baseline,gcc,-O0,EXECUTED,True,,,CERTIFIED_UNIQUE,True,0,0,1.0,28,0,0.0,2a9bebbcab824f175b19b9bd562a86f12dced514e0999e9a9cedec6bcc7d5f78
fletcher_step,rename,baseline,gcc,-O2,EXECUTED,True,,,CERTIFIED_UNIQUE,True,0,0,1.0,28,0,0.0,2a9bebbcab824f175b19b9bd562a86f12dced514e0999e9a9cedec6bcc7d5f78
fletcher_step,rename,baseline,clang,-O0,EXECUTED,True,,,CERTIFIED_UNIQUE,True,0,0,1.0,28,28,1.0,2a9bebbcab824f175b19b9bd562a86f12dced514e0999e9a9cedec6bcc7d5f78
fletcher_step,rename,baseline,clang,-O2,EXECUTED,True,,,CERTIFIED_UNIQUE,True,0,0,1.0,28,0,0.0,2a9bebbcab824f175b19b9bd562a86f12dced514e0999e9a9cedec6bcc7d5f78
fletcher_step,reorder,rename,gcc,-O0,EXECUTED,True,,,CERTIFIED_UNIQUE,True,0,0,1.0,28,0,0.0,0166b200f18d6f548a5929695e9fb75e6e5668757999e0a0e740b906f545df6f
fletcher_step,reorder,rename,gcc,-O2,EXECUTED,True,,,CERTIFIED_UNIQUE,True,0,0,1.0,28,0,0.0,0166b200f18d6f548a5929695e9fb75e6e5668757999e0a0e740b906f545df6f
fletcher_step,reorder,rename,clang,-O0,EXECUTED,True,,,CERTIFIED_UNIQUE,True,0,0,1.0,28,28,1.0,0166b200f18d6f548a5929695e9fb75e6e5668757999e0a0e740b906f545df6f
fletcher_step,reorder,rename,clang,-O2,EXECUTED,True,,,CERTIFIED_UNIQUE,True,0,0,1.0,28,0,0.0,0166b200f18d6f548a5929695e9fb75e6e5668757999e0a0e740b906f545df6f
fletcher_step,extract,reorder,gcc,-O0,EXECUTED,True,,,CERTIFIED_UNIQUE,True,0,0,1.0,28,28,1.0,6d6d09ae5013c621d8606f44940086a149c1dbe19f9822407d7a6812a0503291
fletcher_step,extract,reorder,gcc,-O2,EXECUTED,True,,,CERTIFIED_UNIQUE,True,0,0,1.0,28,0,0.0,6d6d09ae5013c621d8606f44940086a149c1dbe19f9822407d7a6812a0503291
fletcher_step,extract,reorder,clang,-O0,EXECUTED,True,,,CERTIFIED_UNIQUE,True,0,0,1.0,28,28,1.0,6d6d09ae5013c621d8606f44940086a149c1dbe19f9822407d7a6812a0503291
fletcher_step,extract,reorder,clang,-O2,EXECUTED,True,,,CERTIFIED_UNIQUE,True,0,0,1.0,28,0,0.0,6d6d09ae5013c621d8606f44940086a149c1dbe19f9822407d7a6812a0503291
fletcher_step,dependency_upgrade,extract,gcc,-O0,EXECUTED,True,,,CERTIFIED_UNIQUE,True,0,0,1.0,28,28,1.0,7a42c7404662d0d555156e67e15d09617088392c27e9119059e4e441dc651a16
fletcher_step,dependency_upgrade,extract,gcc,-O2,EXECUTED,True,,,CERTIFIED_UNIQUE,True,0,0,1.0,28,0,0.0,7a42c7404662d0d555156e67e15d09617088392c27e9119059e4e441dc651a16
fletcher_step,dependency_upgrade,extract,clang,-O0,EXECUTED,True,,,CERTIFIED_UNIQUE,True,0,0,1.0,28,28,1.0,7a42c7404662d0d555156e67e15d09617088392c27e9119059e4e441dc651a16
fletcher_step,dependency_upgrade,extract,clang,-O2,EXECUTED,True,,,CERTIFIED_UNIQUE,True,0,0,1.0,28,0,0.0,7a42c7404662d0d555156e67e15d09617088392c27e9119059e4e441dc651a16
fletcher_step,format,dependency_upgrade,gcc,-O0,EXECUTED,True,,,CERTIFIED_UNIQUE,True,0,0,1.0,28,28,1.0,0ed4e0cd7e2d420f431f5272468c43d0fdbd2950d24aea17f3032f8d6a38b04b
fletcher_step,format,dependency_upgrade,gcc,-O2,EXECUTED,True,,,CERTIFIED_UNIQUE,True,0,0,1.0,28,0,0.0,0ed4e0cd7e2d420f431f5272468c43d0fdbd2950d24aea17f3032f8d6a38b04b
fletcher_step,format,dependency_upgrade,clang,-O0,EXECUTED,True,,,CERTIFIED_UNIQUE,True,0,0,1.0,28,28,1.0,0ed4e0cd7e2d420f431f5272468c43d0fdbd2950d24aea17f3032f8d6a38b04b
fletcher_step,format,dependency_upgrade,clang,-O2,EXECUTED,True,,,CERTIFIED_UNIQUE,True,0,0,1.0,28,0,0.0,0ed4e0cd7e2d420f431f5272468c43d0fdbd2950d24aea17f3032f8d6a38b04b
fletcher_step,erase_tolerable,dependency_upgrade,gcc,-O0,EXECUTED,True,,,CERTIFIED_UNIQUE,True,0,2,0.9285714285714286,26,26,1.0,1e70a05aa86f559a08dbd6c6860474120185e64e66c553951eeb281728def8e9
fletcher_step,erase_tolerable,dependency_upgrade,gcc,-O2,EXECUTED,True,,,CERTIFIED_UNIQUE,True,0,2,0.9285714285714286,26,0,0.0,1e70a05aa86f559a08dbd6c6860474120185e64e66c553951eeb281728def8e9
fletcher_step,erase_tolerable,dependency_upgrade,clang,-O0,EXECUTED,True,,,CERTIFIED_UNIQUE,True,0,2,0.9285714285714286,26,26,1.0,1e70a05aa86f559a08dbd6c6860474120185e64e66c553951eeb281728def8e9
fletcher_step,erase_tolerable,dependency_upgrade,clang,-O2,EXECUTED,True,,,CERTIFIED_UNIQUE,True,0,2,0.9285714285714286,26,0,0.0,1e70a05aa86f559a08dbd6c6860474120185e64e66c553951eeb281728def8e9
fletcher_step,merge_tolerable,"format,erase_tolerable",gcc,-O0,EXECUTED,True,,,CERTIFIED_UNIQUE,True,0,2,0.9285714285714286,26,26,1.0,a7a4c6a7f5fc48674820fb7400201a307f08dba19fbbc23da3c30bb7d240c093
fletcher_step,merge_tolerable,"format,erase_tolerable",gcc,-O2,EXECUTED,True,,,CERTIFIED_UNIQUE,True,0,2,0.9285714285714286,26,0,0.0,a7a4c6a7f5fc48674820fb7400201a307f08dba19fbbc23da3c30bb7d240c093
fletcher_step,merge_tolerable,"format,erase_tolerable",clang,-O0,EXECUTED,True,,,CERTIFIED_UNIQUE,True,0,2,0.9285714285714286,26,26,1.0,a7a4c6a7f5fc48674820fb7400201a307f08dba19fbbc23da3c30bb7d240c093
fletcher_step,merge_tolerable,"format,erase_tolerable",clang,-O2,EXECUTED,True,,,CERTIFIED_UNIQUE,True,0,2,0.9285714285714286,26,0,0.0,a7a4c6a7f5fc48674820fb7400201a307f08dba19fbbc23da3c30bb7d240c093
fletcher_step,flip_tolerable,merge_tolerable,gcc,-O0,EXECUTED,True,,,CERTIFIED_UNIQUE,True,2,2,0.9285714285714286,26,26,1.0,75795c6c26b4bc6ec2e2acee67dda933754310db6765b47427105513d8e02dd6
fletcher_step,flip_tolerable,merge_tolerable,gcc,-O2,EXECUTED,True,,,CERTIFIED_UNIQUE,True,2,2,0.9285714285714286,26,0,0.0,75795c6c26b4bc6ec2e2acee67dda933754310db6765b47427105513d8e02dd6
fletcher_step,flip_tolerable,merge_tolerable,clang,-O0,EXECUTED,True,,,CERTIFIED_UNIQUE,True,2,2,0.9285714285714286,26,26,1.0,75795c6c26b4bc6ec2e2acee67dda933754310db6765b47427105513d8e02dd6
fletcher_step,flip_tolerable,merge_tolerable,clang,-O2,EXECUTED,True,,,CERTIFIED_UNIQUE,True,2,2,0.9285714285714286,26,0,0.0,75795c6c26b4bc6ec2e2acee67dda933754310db6765b47427105513d8e02dd6
fletcher_step,recovery_break,dependency_upgrade,gcc,-O0,EXECUTED,True,,,NOT_CERTIFIED,False,1,1,0.9642857142857143,27,27,1.0,d3c775464103e73f7b6d8e722e690ee6e588f1b05c762ecfdba11c7f60c6a367
fletcher_step,recovery_break,dependency_upgrade,gcc,-O2,EXECUTED,True,,,NOT_CERTIFIED,False,1,1,0.9642857142857143,27,0,0.0,d3c775464103e73f7b6d8e722e690ee6e588f1b05c762ecfdba11c7f60c6a367
fletcher_step,recovery_break,dependency_upgrade,clang,-O0,EXECUTED,True,,,NOT_CERTIFIED,False,1,1,0.9642857142857143,27,27,1.0,d3c775464103e73f7b6d8e722e690ee6e588f1b05c762ecfdba11c7f60c6a367
fletcher_step,recovery_break,dependency_upgrade,clang,-O2,EXECUTED,True,,,NOT_CERTIFIED,False,1,1,0.9642857142857143,27,0,0.0,d3c775464103e73f7b6d8e722e690ee6e588f1b05c762ecfdba11c7f60c6a367
fletcher_step,reseed,dependency_upgrade,gcc,-O0,EXECUTED,True,,,CERTIFIED_UNIQUE,True,0,0,0.0,28,28,1.0,0096b97b6b01fc230345df3f5df2e803024f2eb80fd4c3dbc95421d285ea12f5
fletcher_step,reseed,dependency_upgrade,gcc,-O2,EXECUTED,True,,,CERTIFIED_UNIQUE,True,0,0,0.0,28,0,0.0,0096b97b6b01fc230345df3f5df2e803024f2eb80fd4c3dbc95421d285ea12f5
fletcher_step,reseed,dependency_upgrade,clang,-O0,EXECUTED,True,,,CERTIFIED_UNIQUE,True,0,0,0.0,28,28,1.0,0096b97b6b01fc230345df3f5df2e803024f2eb80fd4c3dbc95421d285ea12f5
fletcher_step,reseed,dependency_upgrade,clang,-O2,EXECUTED,True,,,CERTIFIED_UNIQUE,True,0,0,0.0,28,0,0.0,0096b97b6b01fc230345df3f5df2e803024f2eb80fd4c3dbc95421d285ea12f5
fletcher_step,behavior_drift,dependency_upgrade,gcc,-O0,EXECUTED,False,66,153,CERTIFIED_UNIQUE,True,0,0,1.0,28,28,1.0,d1ccb1034cfce568981b227526d412809273885c24b02415773c3db456da0d28
fletcher_step,behavior_drift,dependency_upgrade,gcc,-O2,EXECUTED,False,66,153,CERTIFIED_UNIQUE,True,0,0,1.0,28,0,0.0,d1ccb1034cfce568981b227526d412809273885c24b02415773c3db456da0d28
fletcher_step,behavior_drift,dependency_upgrade,clang,-O0,EXECUTED,False,66,153,CERTIFIED_UNIQUE,True,0,0,1.0,28,28,1.0,d1ccb1034cfce568981b227526d412809273885c24b02415773c3db456da0d28
fletcher_step,behavior_drift,dependency_upgrade,clang,-O2,EXECUTED,False,66,153,CERTIFIED_UNIQUE,True,0,0,1.0,28,0,0.0,d1ccb1034cfce568981b227526d412809273885c24b02415773c3db456da0d28
rotate_mix,baseline,,gcc,-O0,EXECUTED,True,,,CERTIFIED_UNIQUE,True,0,0,1.0,28,0,0.0,6423a34eda0e2de1be6cf761009a6544395ed3db35022be2f560dac837af2241
rotate_mix,baseline,,gcc,-O2,EXECUTED,True,,,CERTIFIED_UNIQUE,True,0,0,1.0,28,0,0.0,6423a34eda0e2de1be6cf761009a6544395ed3db35022be2f560dac837af2241
rotate_mix,baseline,,clang,-O0,EXECUTED,True,,,CERTIFIED_UNIQUE,True,0,0,1.0,28,28,1.0,6423a34eda0e2de1be6cf761009a6544395ed3db35022be2f560dac837af2241
rotate_mix,baseline,,clang,-O2,EXECUTED,True,,,CERTIFIED_UNIQUE,True,0,0,1.0,28,0,0.0,6423a34eda0e2de1be6cf761009a6544395ed3db35022be2f560dac837af2241
rotate_mix,rename,baseline,gcc,-O0,EXECUTED,True,,,CERTIFIED_UNIQUE,True,0,0,1.0,28,0,0.0,98f41f55ec2cd3053a89d7de1fafdb8227c93e4953f259a0d6a007cc77af49ef
rotate_mix,rename,baseline,gcc,-O2,EXECUTED,True,,,CERTIFIED_UNIQUE,True,0,0,1.0,28,0,0.0,98f41f55ec2cd3053a89d7de1fafdb8227c93e4953f259a0d6a007cc77af49ef
rotate_mix,rename,baseline,clang,-O0,EXECUTED,True,,,CERTIFIED_UNIQUE,True,0,0,1.0,28,28,1.0,98f41f55ec2cd3053a89d7de1fafdb8227c93e4953f259a0d6a007cc77af49ef
rotate_mix,rename,baseline,clang,-O2,EXECUTED,True,,,CERTIFIED_UNIQUE,True,0,0,1.0,28,0,0.0,98f41f55ec2cd3053a89d7de1fafdb8227c93e4953f259a0d6a007cc77af49ef
rotate_mix,reorder,rename,gcc,-O0,EXECUTED,True,,,CERTIFIED_UNIQUE,True,0,0,1.0,28,0,0.0,d84bfb05e4f02ac8f04221b9ceee83ebcd0afd70bc3fe0fd89cc842ce30dd1c6
rotate_mix,reorder,rename,gcc,-O2,EXECUTED,True,,,CERTIFIED_UNIQUE,True,0,0,1.0,28,0,0.0,d84bfb05e4f02ac8f04221b9ceee83ebcd0afd70bc3fe0fd89cc842ce30dd1c6
rotate_mix,reorder,rename,clang,-O0,EXECUTED,True,,,CERTIFIED_UNIQUE,True,0,0,1.0,28,28,1.0,d84bfb05e4f02ac8f04221b9ceee83ebcd0afd70bc3fe0fd89cc842ce30dd1c6
rotate_mix,reorder,rename,clang,-O2,EXECUTED,True,,,CERTIFIED_UNIQUE,True,0,0,1.0,28,0,0.0,d84bfb05e4f02ac8f04221b9ceee83ebcd0afd70bc3fe0fd89cc842ce30dd1c6
rotate_mix,extract,reorder,gcc,-O0,EXECUTED,True,,,CERTIFIED_UNIQUE,True,0,0,1.0,28,28,1.0,bb1c6a196ace0ca0584d8e2ab45dcef740a3dca64fd5ebb34dc010f69ae9ab23
rotate_mix,extract,reorder,gcc,-O2,EXECUTED,True,,,CERTIFIED_UNIQUE,True,0,0,1.0,28,0,0.0,bb1c6a196ace0ca0584d8e2ab45dcef740a3dca64fd5ebb34dc010f69ae9ab23
rotate_mix,extract,reorder,clang,-O0,EXECUTED,True,,,CERTIFIED_UNIQUE,True,0,0,1.0,28,28,1.0,bb1c6a196ace0ca0584d8e2ab45dcef740a3dca64fd5ebb34dc010f69ae9ab23
rotate_mix,extract,reorder,clang,-O2,EXECUTED,True,,,CERTIFIED_UNIQUE,True,0,0,1.0,28,0,0.0,bb1c6a196ace0ca0584d8e2ab45dcef740a3dca64fd5ebb34dc010f69ae9ab23
rotate_mix,dependency_upgrade,extract,gcc,-O0,EXECUTED,True,,,CERTIFIED_UNIQUE,True,0,0,1.0,28,28,1.0,a31c9c42e0f057848c305c51da5d382ccc63158181b6f16bd6d8bd3913972dfe
rotate_mix,dependency_upgrade,extract,gcc,-O2,EXECUTED,True,,,CERTIFIED_UNIQUE,True,0,0,1.0,28,0,0.0,a31c9c42e0f057848c305c51da5d382ccc63158181b6f16bd6d8bd3913972dfe
rotate_mix,dependency_upgrade,extract,clang,-O0,EXECUTED,True,,,CERTIFIED_UNIQUE,True,0,0,1.0,28,28,1.0,a31c9c42e0f057848c305c51da5d382ccc63158181b6f16bd6d8bd3913972dfe
rotate_mix,dependency_upgrade,extract,clang,-O2,EXECUTED,True,,,CERTIFIED_UNIQUE,True,0,0,1.0,28,0,0.0,a31c9c42e0f057848c305c51da5d382ccc63158181b6f16bd6d8bd3913972dfe
rotate_mix,format,dependency_upgrade,gcc,-O0,EXECUTED,True,,,CERTIFIED_UNIQUE,True,0,0,1.0,28,28,1.0,82ee15e572a60609c76a818346ca3fa7432b8459881579eac4279e09881d63cf
rotate_mix,format,dependency_upgrade,gcc,-O2,EXECUTED,True,,,CERTIFIED_UNIQUE,True,0,0,1.0,28,0,0.0,82ee15e572a60609c76a818346ca3fa7432b8459881579eac4279e09881d63cf
rotate_mix,format,dependency_upgrade,clang,-O0,EXECUTED,True,,,CERTIFIED_UNIQUE,True,0,0,1.0,28,28,1.0,82ee15e572a60609c76a818346ca3fa7432b8459881579eac4279e09881d63cf
rotate_mix,format,dependency_upgrade,clang,-O2,EXECUTED,True,,,CERTIFIED_UNIQUE,True,0,0,1.0,28,0,0.0,82ee15e572a60609c76a818346ca3fa7432b8459881579eac4279e09881d63cf
rotate_mix,erase_tolerable,dependency_upgrade,gcc,-O0,EXECUTED,True,,,CERTIFIED_UNIQUE,True,0,2,0.9285714285714286,26,26,1.0,3216ae3f29eec61ce0bbb657580c846ca89ddcb7a106917667127f6d60134cab
rotate_mix,erase_tolerable,dependency_upgrade,gcc,-O2,EXECUTED,True,,,CERTIFIED_UNIQUE,True,0,2,0.9285714285714286,26,0,0.0,3216ae3f29eec61ce0bbb657580c846ca89ddcb7a106917667127f6d60134cab
rotate_mix,erase_tolerable,dependency_upgrade,clang,-O0,EXECUTED,True,,,CERTIFIED_UNIQUE,True,0,2,0.9285714285714286,26,26,1.0,3216ae3f29eec61ce0bbb657580c846ca89ddcb7a106917667127f6d60134cab
rotate_mix,erase_tolerable,dependency_upgrade,clang,-O2,EXECUTED,True,,,CERTIFIED_UNIQUE,True,0,2,0.9285714285714286,26,0,0.0,3216ae3f29eec61ce0bbb657580c846ca89ddcb7a106917667127f6d60134cab
rotate_mix,merge_tolerable,"format,erase_tolerable",gcc,-O0,EXECUTED,True,,,CERTIFIED_UNIQUE,True,0,2,0.9285714285714286,26,26,1.0,279680c48699d4779cbcb96836c700d5dc5a47525c4c8177e1095fd9764467f0
rotate_mix,merge_tolerable,"format,erase_tolerable",gcc,-O2,EXECUTED,True,,,CERTIFIED_UNIQUE,True,0,2,0.9285714285714286,26,0,0.0,279680c48699d4779cbcb96836c700d5dc5a47525c4c8177e1095fd9764467f0
rotate_mix,merge_tolerable,"format,erase_tolerable",clang,-O0,EXECUTED,True,,,CERTIFIED_UNIQUE,True,0,2,0.9285714285714286,26,26,1.0,279680c48699d4779cbcb96836c700d5dc5a47525c4c8177e1095fd9764467f0
rotate_mix,merge_tolerable,"format,erase_tolerable",clang,-O2,EXECUTED,True,,,CERTIFIED_UNIQUE,True,0,2,0.9285714285714286,26,0,0.0,279680c48699d4779cbcb96836c700d5dc5a47525c4c8177e1095fd9764467f0
rotate_mix,flip_tolerable,merge_tolerable,gcc,-O0,EXECUTED,True,,,CERTIFIED_UNIQUE,True,2,2,0.9285714285714286,26,26,1.0,d1ab5b8b31283a28221fd3cd0f46dab31455b492d662f2dbe13432b7e5cec486
rotate_mix,flip_tolerable,merge_tolerable,gcc,-O2,EXECUTED,True,,,CERTIFIED_UNIQUE,True,2,2,0.9285714285714286,26,0,0.0,d1ab5b8b31283a28221fd3cd0f46dab31455b492d662f2dbe13432b7e5cec486
rotate_mix,flip_tolerable,merge_tolerable,clang,-O0,EXECUTED,True,,,CERTIFIED_UNIQUE,True,2,2,0.9285714285714286,26,26,1.0,d1ab5b8b31283a28221fd3cd0f46dab31455b492d662f2dbe13432b7e5cec486
rotate_mix,flip_tolerable,merge_tolerable,clang,-O2,EXECUTED,True,,,CERTIFIED_UNIQUE,True,2,2,0.9285714285714286,26,0,0.0,d1ab5b8b31283a28221fd3cd0f46dab31455b492d662f2dbe13432b7e5cec486
rotate_mix,recovery_break,dependency_upgrade,gcc,-O0,EXECUTED,True,,,NOT_CERTIFIED,False,1,1,0.9642857142857143,27,27,1.0,efe0c5e4e42279da8cad3ffa4c44299d9fc6c31924972aaeacca34fbae41e62f
rotate_mix,recovery_break,dependency_upgrade,gcc,-O2,EXECUTED,True,,,NOT_CERTIFIED,False,1,1,0.9642857142857143,27,0,0.0,efe0c5e4e42279da8cad3ffa4c44299d9fc6c31924972aaeacca34fbae41e62f
rotate_mix,recovery_break,dependency_upgrade,clang,-O0,EXECUTED,True,,,NOT_CERTIFIED,False,1,1,0.9642857142857143,27,27,1.0,efe0c5e4e42279da8cad3ffa4c44299d9fc6c31924972aaeacca34fbae41e62f
rotate_mix,recovery_break,dependency_upgrade,clang,-O2,EXECUTED,True,,,NOT_CERTIFIED,False,1,1,0.9642857142857143,27,0,0.0,efe0c5e4e42279da8cad3ffa4c44299d9fc6c31924972aaeacca34fbae41e62f
rotate_mix,reseed,dependency_upgrade,gcc,-O0,EXECUTED,True,,,CERTIFIED_UNIQUE,True,0,0,0.0,28,28,1.0,8eb3e2229311f1dfe4b7162b6b19a9eda784b682a724b17df9b0e74e7bc4d204
rotate_mix,reseed,dependency_upgrade,gcc,-O2,EXECUTED,True,,,CERTIFIED_UNIQUE,True,0,0,0.0,28,0,0.0,8eb3e2229311f1dfe4b7162b6b19a9eda784b682a724b17df9b0e74e7bc4d204
rotate_mix,reseed,dependency_upgrade,clang,-O0,EXECUTED,True,,,CERTIFIED_UNIQUE,True,0,0,0.0,28,28,1.0,8eb3e2229311f1dfe4b7162b6b19a9eda784b682a724b17df9b0e74e7bc4d204
rotate_mix,reseed,dependency_upgrade,clang,-O2,EXECUTED,True,,,CERTIFIED_UNIQUE,True,0,0,0.0,28,0,0.0,8eb3e2229311f1dfe4b7162b6b19a9eda784b682a724b17df9b0e74e7bc4d204
rotate_mix,behavior_drift,dependency_upgrade,gcc,-O0,EXECUTED,False,66,153,CERTIFIED_UNIQUE,True,0,0,1.0,28,28,1.0,6fd58240e8fc714f9cd440a08077eec3f3be3f758fc004abad9d3eacf12ff867
rotate_mix,behavior_drift,dependency_upgrade,gcc,-O2,EXECUTED,False,66,153,CERTIFIED_UNIQUE,True,0,0,1.0,28,0,0.0,6fd58240e8fc714f9cd440a08077eec3f3be3f758fc004abad9d3eacf12ff867
rotate_mix,behavior_drift,dependency_upgrade,clang,-O0,EXECUTED,False,66,153,CERTIFIED_UNIQUE,True,0,0,1.0,28,28,1.0,6fd58240e8fc714f9cd440a08077eec3f3be3f758fc004abad9d3eacf12ff867
rotate_mix,behavior_drift,dependency_upgrade,clang,-O2,EXECUTED,False,66,153,CERTIFIED_UNIQUE,True,0,0,1.0,28,0,0.0,6fd58240e8fc714f9cd440a08077eec3f3be3f758fc004abad9d3eacf12ff867
varint_state,baseline,,gcc,-O0,EXECUTED,True,,,CERTIFIED_UNIQUE,True,0,0,1.0,28,0,0.0,15a929f561e47f5a216010b040e3661660a7e0c7701b63d4de547dc76f9640fc
varint_state,baseline,,gcc,-O2,EXECUTED,True,,,CERTIFIED_UNIQUE,True,0,0,1.0,28,0,0.0,15a929f561e47f5a216010b040e3661660a7e0c7701b63d4de547dc76f9640fc
varint_state,baseline,,clang,-O0,EXECUTED,True,,,CERTIFIED_UNIQUE,True,0,0,1.0,28,28,1.0,15a929f561e47f5a216010b040e3661660a7e0c7701b63d4de547dc76f9640fc
varint_state,baseline,,clang,-O2,EXECUTED,True,,,CERTIFIED_UNIQUE,True,0,0,1.0,28,0,0.0,15a929f561e47f5a216010b040e3661660a7e0c7701b63d4de547dc76f9640fc
varint_state,rename,baseline,gcc,-O0,EXECUTED,True,,,CERTIFIED_UNIQUE,True,0,0,1.0,28,0,0.0,d74ad5dfd405e4cc58b813b9794261b96446027044d2e010e07b4e977e0e05d4
varint_state,rename,baseline,gcc,-O2,EXECUTED,True,,,CERTIFIED_UNIQUE,True,0,0,1.0,28,0,0.0,d74ad5dfd405e4cc58b813b9794261b96446027044d2e010e07b4e977e0e05d4
varint_state,rename,baseline,clang,-O0,EXECUTED,True,,,CERTIFIED_UNIQUE,True,0,0,1.0,28,28,1.0,d74ad5dfd405e4cc58b813b9794261b96446027044d2e010e07b4e977e0e05d4
varint_state,rename,baseline,clang,-O2,EXECUTED,True,,,CERTIFIED_UNIQUE,True,0,0,1.0,28,0,0.0,d74ad5dfd405e4cc58b813b9794261b96446027044d2e010e07b4e977e0e05d4
varint_state,reorder,rename,gcc,-O0,EXECUTED,True,,,CERTIFIED_UNIQUE,True,0,0,1.0,28,0,0.0,448675723426e05cac2bbd25c4edfa4986289f5787881fc30caaf65d2280392f
varint_state,reorder,rename,gcc,-O2,EXECUTED,True,,,CERTIFIED_UNIQUE,True,0,0,1.0,28,0,0.0,448675723426e05cac2bbd25c4edfa4986289f5787881fc30caaf65d2280392f
varint_state,reorder,rename,clang,-O0,EXECUTED,True,,,CERTIFIED_UNIQUE,True,0,0,1.0,28,28,1.0,448675723426e05cac2bbd25c4edfa4986289f5787881fc30caaf65d2280392f
varint_state,reorder,rename,clang,-O2,EXECUTED,True,,,CERTIFIED_UNIQUE,True,0,0,1.0,28,0,0.0,448675723426e05cac2bbd25c4edfa4986289f5787881fc30caaf65d2280392f
varint_state,extract,reorder,gcc,-O0,EXECUTED,True,,,CERTIFIED_UNIQUE,True,0,0,1.0,28,28,1.0,9dabd0122c3cb82230d4ed9fce655744fcd0ba9afa09fadb41987d013744c367
varint_state,extract,reorder,gcc,-O2,EXECUTED,True,,,CERTIFIED_UNIQUE,True,0,0,1.0,28,0,0.0,9dabd0122c3cb82230d4ed9fce655744fcd0ba9afa09fadb41987d013744c367
varint_state,extract,reorder,clang,-O0,EXECUTED,True,,,CERTIFIED_UNIQUE,True,0,0,1.0,28,28,1.0,9dabd0122c3cb82230d4ed9fce655744fcd0ba9afa09fadb41987d013744c367
varint_state,extract,reorder,clang,-O2,EXECUTED,True,,,CERTIFIED_UNIQUE,True,0,0,1.0,28,0,0.0,9dabd0122c3cb82230d4ed9fce655744fcd0ba9afa09fadb41987d013744c367
varint_state,dependency_upgrade,extract,gcc,-O0,EXECUTED,True,,,CERTIFIED_UNIQUE,True,0,0,1.0,28,28,1.0,6398ebe0b3dad8d1cdfecf9b79f2855036cac99021f36e9b0f560ad9b8f9d152
varint_state,dependency_upgrade,extract,gcc,-O2,EXECUTED,True,,,CERTIFIED_UNIQUE,True,0,0,1.0,28,0,0.0,6398ebe0b3dad8d1cdfecf9b79f2855036cac99021f36e9b0f560ad9b8f9d152
varint_state,dependency_upgrade,extract,clang,-O0,EXECUTED,True,,,CERTIFIED_UNIQUE,True,0,0,1.0,28,28,1.0,6398ebe0b3dad8d1cdfecf9b79f2855036cac99021f36e9b0f560ad9b8f9d152
varint_state,dependency_upgrade,extract,clang,-O2,EXECUTED,True,,,CERTIFIED_UNIQUE,True,0,0,1.0,28,0,0.0,6398ebe0b3dad8d1cdfecf9b79f2855036cac99021f36e9b0f560ad9b8f9d152
varint_state,format,dependency_upgrade,gcc,-O0,EXECUTED,True,,,CERTIFIED_UNIQUE,True,0,0,1.0,28,28,1.0,53f0adf74f6894975de0958e8d0668ada3440e6452ee35e78ee2f93a4c5db042
varint_state,format,dependency_upgrade,gcc,-O2,EXECUTED,True,,,CERTIFIED_UNIQUE,True,0,0,1.0,28,0,0.0,53f0adf74f6894975de0958e8d0668ada3440e6452ee35e78ee2f93a4c5db042
varint_state,format,dependency_upgrade,clang,-O0,EXECUTED,True,,,CERTIFIED_UNIQUE,True,0,0,1.0,28,28,1.0,53f0adf74f6894975de0958e8d0668ada3440e6452ee35e78ee2f93a4c5db042
varint_state,format,dependency_upgrade,clang,-O2,EXECUTED,True,,,CERTIFIED_UNIQUE,True,0,0,1.0,28,0,0.0,53f0adf74f6894975de0958e8d0668ada3440e6452ee35e78ee2f93a4c5db042
varint_state,erase_tolerable,dependency_upgrade,gcc,-O0,EXECUTED,True,,,CERTIFIED_UNIQUE,True,0,2,0.9285714285714286,26,26,1.0,30d8a074864c8d11d6d162663eb3f937a1fb5ea96a7e590e0e21fecf26868bce
varint_state,erase_tolerable,dependency_upgrade,gcc,-O2,EXECUTED,True,,,CERTIFIED_UNIQUE,True,0,2,0.9285714285714286,26,0,0.0,30d8a074864c8d11d6d162663eb3f937a1fb5ea96a7e590e0e21fecf26868bce
varint_state,erase_tolerable,dependency_upgrade,clang,-O0,EXECUTED,True,,,CERTIFIED_UNIQUE,True,0,2,0.9285714285714286,26,26,1.0,30d8a074864c8d11d6d162663eb3f937a1fb5ea96a7e590e0e21fecf26868bce
varint_state,erase_tolerable,dependency_upgrade,clang,-O2,EXECUTED,True,,,CERTIFIED_UNIQUE,True,0,2,0.9285714285714286,26,0,0.0,30d8a074864c8d11d6d162663eb3f937a1fb5ea96a7e590e0e21fecf26868bce
varint_state,merge_tolerable,"format,erase_tolerable",gcc,-O0,EXECUTED,True,,,CERTIFIED_UNIQUE,True,0,2,0.9285714285714286,26,26,1.0,4357f02febb40d9e9b1d43b71606bd73acd951b06d78765f564540585246ea42
varint_state,merge_tolerable,"format,erase_tolerable",gcc,-O2,EXECUTED,True,,,CERTIFIED_UNIQUE,True,0,2,0.9285714285714286,26,0,0.0,4357f02febb40d9e9b1d43b71606bd73acd951b06d78765f564540585246ea42
varint_state,merge_tolerable,"format,erase_tolerable",clang,-O0,EXECUTED,True,,,CERTIFIED_UNIQUE,True,0,2,0.9285714285714286,26,26,1.0,4357f02febb40d9e9b1d43b71606bd73acd951b06d78765f564540585246ea42
varint_state,merge_tolerable,"format,erase_tolerable",clang,-O2,EXECUTED,True,,,CERTIFIED_UNIQUE,True,0,2,0.9285714285714286,26,0,0.0,4357f02febb40d9e9b1d43b71606bd73acd951b06d78765f564540585246ea42
varint_state,flip_tolerable,merge_tolerable,gcc,-O0,EXECUTED,True,,,CERTIFIED_UNIQUE,True,2,2,0.9285714285714286,26,26,1.0,050cac3b27864e85c7deca2034846f735800adff63ec80ab4a19f753bafd2099
varint_state,flip_tolerable,merge_tolerable,gcc,-O2,EXECUTED,True,,,CERTIFIED_UNIQUE,True,2,2,0.9285714285714286,26,0,0.0,050cac3b27864e85c7deca2034846f735800adff63ec80ab4a19f753bafd2099
varint_state,flip_tolerable,merge_tolerable,clang,-O0,EXECUTED,True,,,CERTIFIED_UNIQUE,True,2,2,0.9285714285714286,26,26,1.0,050cac3b27864e85c7deca2034846f735800adff63ec80ab4a19f753bafd2099
varint_state,flip_tolerable,merge_tolerable,clang,-O2,EXECUTED,True,,,CERTIFIED_UNIQUE,True,2,2,0.9285714285714286,26,0,0.0,050cac3b27864e85c7deca2034846f735800adff63ec80ab4a19f753bafd2099
varint_state,recovery_break,dependency_upgrade,gcc,-O0,EXECUTED,True,,,NOT_CERTIFIED,False,1,1,0.9642857142857143,27,27,1.0,d8935bdef1b3539bbcea92941c3f4cae12dfe1a02dd6bd8f3b6aa9e62b142175
varint_state,recovery_break,dependency_upgrade,gcc,-O2,EXECUTED,True,,,NOT_CERTIFIED,False,1,1,0.9642857142857143,27,0,0.0,d8935bdef1b3539bbcea92941c3f4cae12dfe1a02dd6bd8f3b6aa9e62b142175
varint_state,recovery_break,dependency_upgrade,clang,-O0,EXECUTED,True,,,NOT_CERTIFIED,False,1,1,0.9642857142857143,27,27,1.0,d8935bdef1b3539bbcea92941c3f4cae12dfe1a02dd6bd8f3b6aa9e62b142175
varint_state,recovery_break,dependency_upgrade,clang,-O2,EXECUTED,True,,,NOT_CERTIFIED,False,1,1,0.9642857142857143,27,0,0.0,d8935bdef1b3539bbcea92941c3f4cae12dfe1a02dd6bd8f3b6aa9e62b142175
varint_state,reseed,dependency_upgrade,gcc,-O0,EXECUTED,True,,,CERTIFIED_UNIQUE,True,0,0,0.0,28,28,1.0,6e06f8fc387a5c1ac21816cf43a8cfacfa3befbfe68050543291ab7d1c341d9e
varint_state,reseed,dependency_upgrade,gcc,-O2,EXECUTED,True,,,CERTIFIED_UNIQUE,True,0,0,0.0,28,0,0.0,6e06f8fc387a5c1ac21816cf43a8cfacfa3befbfe68050543291ab7d1c341d9e
varint_state,reseed,dependency_upgrade,clang,-O0,EXECUTED,True,,,CERTIFIED_UNIQUE,True,0,0,0.0,28,28,1.0,6e06f8fc387a5c1ac21816cf43a8cfacfa3befbfe68050543291ab7d1c341d9e
varint_state,reseed,dependency_upgrade,clang,-O2,EXECUTED,True,,,CERTIFIED_UNIQUE,True,0,0,0.0,28,0,0.0,6e06f8fc387a5c1ac21816cf43a8cfacfa3befbfe68050543291ab7d1c341d9e
varint_state,behavior_drift,dependency_upgrade,gcc,-O0,EXECUTED,False,66,153,CERTIFIED_UNIQUE,True,0,0,1.0,28,28,1.0,26dbf05ff21d66be42b887d6a19c6955278cc0eeae1af085813c3b00094f06f8
varint_state,behavior_drift,dependency_upgrade,gcc,-O2,EXECUTED,False,66,153,CERTIFIED_UNIQUE,True,0,0,1.0,28,0,0.0,26dbf05ff21d66be42b887d6a19c6955278cc0eeae1af085813c3b00094f06f8
varint_state,behavior_drift,dependency_upgrade,clang,-O0,EXECUTED,False,66,153,CERTIFIED_UNIQUE,True,0,0,1.0,28,28,1.0,26dbf05ff21d66be42b887d6a19c6955278cc0eeae1af085813c3b00094f06f8
varint_state,behavior_drift,dependency_upgrade,clang,-O2,EXECUTED,False,66,153,CERTIFIED_UNIQUE,True,0,0,1.0,28,0,0.0,26dbf05ff21d66be42b887d6a19c6955278cc0eeae1af085813c3b00094f06f8
json_state,baseline,,gcc,-O0,EXECUTED,True,,,CERTIFIED_UNIQUE,True,0,0,1.0,28,0,0.0,a58f39951348a11c14e0888c87289dd284bc0cd6be2bfd46b752c0e2a941e636
json_state,baseline,,gcc,-O2,EXECUTED,True,,,CERTIFIED_UNIQUE,True,0,0,1.0,28,0,0.0,a58f39951348a11c14e0888c87289dd284bc0cd6be2bfd46b752c0e2a941e636
json_state,baseline,,clang,-O0,EXECUTED,True,,,CERTIFIED_UNIQUE,True,0,0,1.0,28,28,1.0,a58f39951348a11c14e0888c87289dd284bc0cd6be2bfd46b752c0e2a941e636
json_state,baseline,,clang,-O2,EXECUTED,True,,,CERTIFIED_UNIQUE,True,0,0,1.0,28,0,0.0,a58f39951348a11c14e0888c87289dd284bc0cd6be2bfd46b752c0e2a941e636
json_state,rename,baseline,gcc,-O0,EXECUTED,True,,,CERTIFIED_UNIQUE,True,0,0,1.0,28,0,0.0,3ae6abc12ced5b58394e36d4778d289ceb23758745670861d7df549afe2293df
json_state,rename,baseline,gcc,-O2,EXECUTED,True,,,CERTIFIED_UNIQUE,True,0,0,1.0,28,0,0.0,3ae6abc12ced5b58394e36d4778d289ceb23758745670861d7df549afe2293df
json_state,rename,baseline,clang,-O0,EXECUTED,True,,,CERTIFIED_UNIQUE,True,0,0,1.0,28,28,1.0,3ae6abc12ced5b58394e36d4778d289ceb23758745670861d7df549afe2293df
json_state,rename,baseline,clang,-O2,EXECUTED,True,,,CERTIFIED_UNIQUE,True,0,0,1.0,28,0,0.0,3ae6abc12ced5b58394e36d4778d289ceb23758745670861d7df549afe2293df
json_state,reorder,rename,gcc,-O0,EXECUTED,True,,,CERTIFIED_UNIQUE,True,0,0,1.0,28,0,0.0,f97e8ee09fae9862efc2182d07c995bf0699d44070a96191bd3bd65ab75df7fa
json_state,reorder,rename,gcc,-O2,EXECUTED,True,,,CERTIFIED_UNIQUE,True,0,0,1.0,28,0,0.0,f97e8ee09fae9862efc2182d07c995bf0699d44070a96191bd3bd65ab75df7fa
json_state,reorder,rename,clang,-O0,EXECUTED,True,,,CERTIFIED_UNIQUE,True,0,0,1.0,28,28,1.0,f97e8ee09fae9862efc2182d07c995bf0699d44070a96191bd3bd65ab75df7fa
json_state,reorder,rename,clang,-O2,EXECUTED,True,,,CERTIFIED_UNIQUE,True,0,0,1.0,28,0,0.0,f97e8ee09fae9862efc2182d07c995bf0699d44070a96191bd3bd65ab75df7fa
json_state,extract,reorder,gcc,-O0,EXECUTED,True,,,CERTIFIED_UNIQUE,True,0,0,1.0,28,28,1.0,72ccfcebecc8e59807db2b888f33b878194135690e4a07879f09b53a47d21c73
json_state,extract,reorder,gcc,-O2,EXECUTED,True,,,CERTIFIED_UNIQUE,True,0,0,1.0,28,0,0.0,72ccfcebecc8e59807db2b888f33b878194135690e4a07879f09b53a47d21c73
json_state,extract,reorder,clang,-O0,EXECUTED,True,,,CERTIFIED_UNIQUE,True,0,0,1.0,28,28,1.0,72ccfcebecc8e59807db2b888f33b878194135690e4a07879f09b53a47d21c73
json_state,extract,reorder,clang,-O2,EXECUTED,True,,,CERTIFIED_UNIQUE,True,0,0,1.0,28,0,0.0,72ccfcebecc8e59807db2b888f33b878194135690e4a07879f09b53a47d21c73
json_state,dependency_upgrade,extract,gcc,-O0,EXECUTED,True,,,CERTIFIED_UNIQUE,True,0,0,1.0,28,28,1.0,2432a43bd82aba74e8e2a0ff8aaaedcd17ccde780f9c5c26e83b719cfb3bf0f2
json_state,dependency_upgrade,extract,gcc,-O2,EXECUTED,True,,,CERTIFIED_UNIQUE,True,0,0,1.0,28,0,0.0,2432a43bd82aba74e8e2a0ff8aaaedcd17ccde780f9c5c26e83b719cfb3bf0f2
json_state,dependency_upgrade,extract,clang,-O0,EXECUTED,True,,,CERTIFIED_UNIQUE,True,0,0,1.0,28,28,1.0,2432a43bd82aba74e8e2a0ff8aaaedcd17ccde780f9c5c26e83b719cfb3bf0f2
json_state,dependency_upgrade,extract,clang,-O2,EXECUTED,True,,,CERTIFIED_UNIQUE,True,0,0,1.0,28,0,0.0,2432a43bd82aba74e8e2a0ff8aaaedcd17ccde780f9c5c26e83b719cfb3bf0f2
json_state,format,dependency_upgrade,gcc,-O0,EXECUTED,True,,,CERTIFIED_UNIQUE,True,0,0,1.0,28,28,1.0,8779e6cdae50445b812251142d9c1858b12a7dbe7a2d1d9dc165c33df21b86eb
json_state,format,dependency_upgrade,gcc,-O2,EXECUTED,True,,,CERTIFIED_UNIQUE,True,0,0,1.0,28,0,0.0,8779e6cdae50445b812251142d9c1858b12a7dbe7a2d1d9dc165c33df21b86eb
json_state,format,dependency_upgrade,clang,-O0,EXECUTED,True,,,CERTIFIED_UNIQUE,True,0,0,1.0,28,28,1.0,8779e6cdae50445b812251142d9c1858b12a7dbe7a2d1d9dc165c33df21b86eb
json_state,format,dependency_upgrade,clang,-O2,EXECUTED,True,,,CERTIFIED_UNIQUE,True,0,0,1.0,28,0,0.0,8779e6cdae50445b812251142d9c1858b12a7dbe7a2d1d9dc165c33df21b86eb
json_state,erase_tolerable,dependency_upgrade,gcc,-O0,EXECUTED,True,,,CERTIFIED_UNIQUE,True,0,2,0.9285714285714286,26,26,1.0,e51fbe1135a4aa1761dd54b578b883ffddb6b15022581ab907b273c991bc89e5
json_state,erase_tolerable,dependency_upgrade,gcc,-O2,EXECUTED,True,,,CERTIFIED_UNIQUE,True,0,2,0.9285714285714286,26,0,0.0,e51fbe1135a4aa1761dd54b578b883ffddb6b15022581ab907b273c991bc89e5
json_state,erase_tolerable,dependency_upgrade,clang,-O0,EXECUTED,True,,,CERTIFIED_UNIQUE,True,0,2,0.9285714285714286,26,26,1.0,e51fbe1135a4aa1761dd54b578b883ffddb6b15022581ab907b273c991bc89e5
json_state,erase_tolerable,dependency_upgrade,clang,-O2,EXECUTED,True,,,CERTIFIED_UNIQUE,True,0,2,0.9285714285714286,26,0,0.0,e51fbe1135a4aa1761dd54b578b883ffddb6b15022581ab907b273c991bc89e5
json_state,merge_tolerable,"format,erase_tolerable",gcc,-O0,EXECUTED,True,,,CERTIFIED_UNIQUE,True,0,2,0.9285714285714286,26,26,1.0,d052ec1053a4cbafcd4a5bd5d6955ae0941dfb4d5642ca99672d37a5d80917ef
json_state,merge_tolerable,"format,erase_tolerable",gcc,-O2,EXECUTED,True,,,CERTIFIED_UNIQUE,True,0,2,0.9285714285714286,26,0,0.0,d052ec1053a4cbafcd4a5bd5d6955ae0941dfb4d5642ca99672d37a5d80917ef
json_state,merge_tolerable,"format,erase_tolerable",clang,-O0,EXECUTED,True,,,CERTIFIED_UNIQUE,True,0,2,0.9285714285714286,26,26,1.0,d052ec1053a4cbafcd4a5bd5d6955ae0941dfb4d5642ca99672d37a5d80917ef
json_state,merge_tolerable,"format,erase_tolerable",clang,-O2,EXECUTED,True,,,CERTIFIED_UNIQUE,True,0,2,0.9285714285714286,26,0,0.0,d052ec1053a4cbafcd4a5bd5d6955ae0941dfb4d5642ca99672d37a5d80917ef
json_state,flip_tolerable,merge_tolerable,gcc,-O0,EXECUTED,True,,,CERTIFIED_UNIQUE,True,2,2,0.9285714285714286,26,26,1.0,cb44b5c23137ec007bf475b220a2698674e1d2640bff5de1d5bbdf10d5466620
json_state,flip_tolerable,merge_tolerable,gcc,-O2,EXECUTED,True,,,CERTIFIED_UNIQUE,True,2,2,0.9285714285714286,26,0,0.0,cb44b5c23137ec007bf475b220a2698674e1d2640bff5de1d5bbdf10d5466620
json_state,flip_tolerable,merge_tolerable,clang,-O0,EXECUTED,True,,,CERTIFIED_UNIQUE,True,2,2,0.9285714285714286,26,26,1.0,cb44b5c23137ec007bf475b220a2698674e1d2640bff5de1d5bbdf10d5466620
json_state,flip_tolerable,merge_tolerable,clang,-O2,EXECUTED,True,,,CERTIFIED_UNIQUE,True,2,2,0.9285714285714286,26,0,0.0,cb44b5c23137ec007bf475b220a2698674e1d2640bff5de1d5bbdf10d5466620
json_state,recovery_break,dependency_upgrade,gcc,-O0,EXECUTED,True,,,NOT_CERTIFIED,False,1,1,0.9642857142857143,27,27,1.0,02dac378d421f0e31a517740c7d48e6a18cafbd9217ce2481fe5179a211163a9
json_state,recovery_break,dependency_upgrade,gcc,-O2,EXECUTED,True,,,NOT_CERTIFIED,False,1,1,0.9642857142857143,27,0,0.0,02dac378d421f0e31a517740c7d48e6a18cafbd9217ce2481fe5179a211163a9
json_state,recovery_break,dependency_upgrade,clang,-O0,EXECUTED,True,,,NOT_CERTIFIED,False,1,1,0.9642857142857143,27,27,1.0,02dac378d421f0e31a517740c7d48e6a18cafbd9217ce2481fe5179a211163a9
json_state,recovery_break,dependency_upgrade,clang,-O2,EXECUTED,True,,,NOT_CERTIFIED,False,1,1,0.9642857142857143,27,0,0.0,02dac378d421f0e31a517740c7d48e6a18cafbd9217ce2481fe5179a211163a9
json_state,reseed,dependency_upgrade,gcc,-O0,EXECUTED,True,,,CERTIFIED_UNIQUE,True,0,0,0.0,28,28,1.0,5668936344fed954f31de6198937e2c8ba23d161228dd0ada130bd7aff04ba49
json_state,reseed,dependency_upgrade,gcc,-O2,EXECUTED,True,,,CERTIFIED_UNIQUE,True,0,0,0.0,28,0,0.0,5668936344fed954f31de6198937e2c8ba23d161228dd0ada130bd7aff04ba49
json_state,reseed,dependency_upgrade,clang,-O0,EXECUTED,True,,,CERTIFIED_UNIQUE,True,0,0,0.0,28,28,1.0,5668936344fed954f31de6198937e2c8ba23d161228dd0ada130bd7aff04ba49
json_state,reseed,dependency_upgrade,clang,-O2,EXECUTED,True,,,CERTIFIED_UNIQUE,True,0,0,0.0,28,0,0.0,5668936344fed954f31de6198937e2c8ba23d161228dd0ada130bd7aff04ba49
json_state,behavior_drift,dependency_upgrade,gcc,-O0,EXECUTED,False,66,153,CERTIFIED_UNIQUE,True,0,0,1.0,28,28,1.0,7a84055d811e124b87b165bb2df7e9c96e80aa83ed0d8684f950a7d61445e335
json_state,behavior_drift,dependency_upgrade,gcc,-O2,EXECUTED,False,66,153,CERTIFIED_UNIQUE,True,0,0,1.0,28,0,0.0,7a84055d811e124b87b165bb2df7e9c96e80aa83ed0d8684f950a7d61445e335
json_state,behavior_drift,dependency_upgrade,clang,-O0,EXECUTED,False,66,153,CERTIFIED_UNIQUE,True,0,0,1.0,28,28,1.0,7a84055d811e124b87b165bb2df7e9c96e80aa83ed0d8684f950a7d61445e335
json_state,behavior_drift,dependency_upgrade,clang,-O2,EXECUTED,False,66,153,CERTIFIED_UNIQUE,True,0,0,1.0,28,0,0.0,7a84055d811e124b87b165bb2df7e9c96e80aa83ed0d8684f950a7d61445e335
utf8_state,baseline,,gcc,-O0,EXECUTED,True,,,CERTIFIED_UNIQUE,True,0,0,1.0,28,0,0.0,5aedbced94c6e76555a134690b27ad0cd3e8faf28535edc7a5939fa9ea99edca
utf8_state,baseline,,gcc,-O2,EXECUTED,True,,,CERTIFIED_UNIQUE,True,0,0,1.0,28,0,0.0,5aedbced94c6e76555a134690b27ad0cd3e8faf28535edc7a5939fa9ea99edca
utf8_state,baseline,,clang,-O0,EXECUTED,True,,,CERTIFIED_UNIQUE,True,0,0,1.0,28,28,1.0,5aedbced94c6e76555a134690b27ad0cd3e8faf28535edc7a5939fa9ea99edca
utf8_state,baseline,,clang,-O2,EXECUTED,True,,,CERTIFIED_UNIQUE,True,0,0,1.0,28,0,0.0,5aedbced94c6e76555a134690b27ad0cd3e8faf28535edc7a5939fa9ea99edca
utf8_state,rename,baseline,gcc,-O0,EXECUTED,True,,,CERTIFIED_UNIQUE,True,0,0,1.0,28,0,0.0,aed45ae5430f55a65a35deaf3da85e9b8c4696f6c7ee4439b979dd26249a1a55
utf8_state,rename,baseline,gcc,-O2,EXECUTED,True,,,CERTIFIED_UNIQUE,True,0,0,1.0,28,0,0.0,aed45ae5430f55a65a35deaf3da85e9b8c4696f6c7ee4439b979dd26249a1a55
utf8_state,rename,baseline,clang,-O0,EXECUTED,True,,,CERTIFIED_UNIQUE,True,0,0,1.0,28,28,1.0,aed45ae5430f55a65a35deaf3da85e9b8c4696f6c7ee4439b979dd26249a1a55
utf8_state,rename,baseline,clang,-O2,EXECUTED,True,,,CERTIFIED_UNIQUE,True,0,0,1.0,28,0,0.0,aed45ae5430f55a65a35deaf3da85e9b8c4696f6c7ee4439b979dd26249a1a55
utf8_state,reorder,rename,gcc,-O0,EXECUTED,True,,,CERTIFIED_UNIQUE,True,0,0,1.0,28,0,0.0,92c047727b3f0e49291428a87d98fcf6d73a30f5646be6d0bee94ab3c397aae0
utf8_state,reorder,rename,gcc,-O2,EXECUTED,True,,,CERTIFIED_UNIQUE,True,0,0,1.0,28,0,0.0,92c047727b3f0e49291428a87d98fcf6d73a30f5646be6d0bee94ab3c397aae0
utf8_state,reorder,rename,clang,-O0,EXECUTED,True,,,CERTIFIED_UNIQUE,True,0,0,1.0,28,28,1.0,92c047727b3f0e49291428a87d98fcf6d73a30f5646be6d0bee94ab3c397aae0
utf8_state,reorder,rename,clang,-O2,EXECUTED,True,,,CERTIFIED_UNIQUE,True,0,0,1.0,28,0,0.0,92c047727b3f0e49291428a87d98fcf6d73a30f5646be6d0bee94ab3c397aae0
utf8_state,extract,reorder,gcc,-O0,EXECUTED,True,,,CERTIFIED_UNIQUE,True,0,0,1.0,28,28,1.0,b1ad10573f5e06f90fd1b6686a4eba9d12c3582679ae65d760ecce1d977041b2
utf8_state,extract,reorder,gcc,-O2,EXECUTED,True,,,CERTIFIED_UNIQUE,True,0,0,1.0,28,0,0.0,b1ad10573f5e06f90fd1b6686a4eba9d12c3582679ae65d760ecce1d977041b2
utf8_state,extract,reorder,clang,-O0,EXECUTED,True,,,CERTIFIED_UNIQUE,True,0,0,1.0,28,28,1.0,b1ad10573f5e06f90fd1b6686a4eba9d12c3582679ae65d760ecce1d977041b2
utf8_state,extract,reorder,clang,-O2,EXECUTED,True,,,CERTIFIED_UNIQUE,True,0,0,1.0,28,0,0.0,b1ad10573f5e06f90fd1b6686a4eba9d12c3582679ae65d760ecce1d977041b2
utf8_state,dependency_upgrade,extract,gcc,-O0,EXECUTED,True,,,CERTIFIED_UNIQUE,True,0,0,1.0,28,28,1.0,c4a61a5d9e9d2b2475d71606fe01a0a1713f82a110c77aa33b00e1be1bdf90c9
utf8_state,dependency_upgrade,extract,gcc,-O2,EXECUTED,True,,,CERTIFIED_UNIQUE,True,0,0,1.0,28,0,0.0,c4a61a5d9e9d2b2475d71606fe01a0a1713f82a110c77aa33b00e1be1bdf90c9
utf8_state,dependency_upgrade,extract,clang,-O0,EXECUTED,True,,,CERTIFIED_UNIQUE,True,0,0,1.0,28,28,1.0,c4a61a5d9e9d2b2475d71606fe01a0a1713f82a110c77aa33b00e1be1bdf90c9
utf8_state,dependency_upgrade,extract,clang,-O2,EXECUTED,True,,,CERTIFIED_UNIQUE,True,0,0,1.0,28,0,0.0,c4a61a5d9e9d2b2475d71606fe01a0a1713f82a110c77aa33b00e1be1bdf90c9
utf8_state,format,dependency_upgrade,gcc,-O0,EXECUTED,True,,,CERTIFIED_UNIQUE,True,0,0,1.0,28,28,1.0,3203d6fa10fa763e38e896ef90e61dddb9e38b1f9ffe369b46a6164d0940deb5
utf8_state,format,dependency_upgrade,gcc,-O2,EXECUTED,True,,,CERTIFIED_UNIQUE,True,0,0,1.0,28,0,0.0,3203d6fa10fa763e38e896ef90e61dddb9e38b1f9ffe369b46a6164d0940deb5
utf8_state,format,dependency_upgrade,clang,-O0,EXECUTED,True,,,CERTIFIED_UNIQUE,True,0,0,1.0,28,28,1.0,3203d6fa10fa763e38e896ef90e61dddb9e38b1f9ffe369b46a6164d0940deb5
utf8_state,format,dependency_upgrade,clang,-O2,EXECUTED,True,,,CERTIFIED_UNIQUE,True,0,0,1.0,28,0,0.0,3203d6fa10fa763e38e896ef90e61dddb9e38b1f9ffe369b46a6164d0940deb5
utf8_state,erase_tolerable,dependency_upgrade,gcc,-O0,EXECUTED,True,,,CERTIFIED_UNIQUE,True,0,2,0.9285714285714286,26,26,1.0,1f6e5156ac5f60ff8d0a2337d6b783330e3507f15a0a19dc18bd00ce9257e4c6
utf8_state,erase_tolerable,dependency_upgrade,gcc,-O2,EXECUTED,True,,,CERTIFIED_UNIQUE,True,0,2,0.9285714285714286,26,0,0.0,1f6e5156ac5f60ff8d0a2337d6b783330e3507f15a0a19dc18bd00ce9257e4c6
utf8_state,erase_tolerable,dependency_upgrade,clang,-O0,EXECUTED,True,,,CERTIFIED_UNIQUE,True,0,2,0.9285714285714286,26,26,1.0,1f6e5156ac5f60ff8d0a2337d6b783330e3507f15a0a19dc18bd00ce9257e4c6
utf8_state,erase_tolerable,dependency_upgrade,clang,-O2,EXECUTED,True,,,CERTIFIED_UNIQUE,True,0,2,0.9285714285714286,26,0,0.0,1f6e5156ac5f60ff8d0a2337d6b783330e3507f15a0a19dc18bd00ce9257e4c6
utf8_state,merge_tolerable,"format,erase_tolerable",gcc,-O0,EXECUTED,True,,,CERTIFIED_UNIQUE,True,0,2,0.9285714285714286,26,26,1.0,c6a24b6d054d1e8f9779c00314bdce0d241cdee303e4565332fce274d8efe4c6
utf8_state,merge_tolerable,"format,erase_tolerable",gcc,-O2,EXECUTED,True,,,CERTIFIED_UNIQUE,True,0,2,0.9285714285714286,26,0,0.0,c6a24b6d054d1e8f9779c00314bdce0d241cdee303e4565332fce274d8efe4c6
utf8_state,merge_tolerable,"format,erase_tolerable",clang,-O0,EXECUTED,True,,,CERTIFIED_UNIQUE,True,0,2,0.9285714285714286,26,26,1.0,c6a24b6d054d1e8f9779c00314bdce0d241cdee303e4565332fce274d8efe4c6
utf8_state,merge_tolerable,"format,erase_tolerable",clang,-O2,EXECUTED,True,,,CERTIFIED_UNIQUE,True,0,2,0.9285714285714286,26,0,0.0,c6a24b6d054d1e8f9779c00314bdce0d241cdee303e4565332fce274d8efe4c6
utf8_state,flip_tolerable,merge_tolerable,gcc,-O0,EXECUTED,True,,,CERTIFIED_UNIQUE,True,2,2,0.9285714285714286,26,26,1.0,0fa55b2a902a6ebf5d00aa8eec1c449d35190dc84255f11b2c5f6aaabc2fea84
utf8_state,flip_tolerable,merge_tolerable,gcc,-O2,EXECUTED,True,,,CERTIFIED_UNIQUE,True,2,2,0.9285714285714286,26,0,0.0,0fa55b2a902a6ebf5d00aa8eec1c449d35190dc84255f11b2c5f6aaabc2fea84
utf8_state,flip_tolerable,merge_tolerable,clang,-O0,EXECUTED,True,,,CERTIFIED_UNIQUE,True,2,2,0.9285714285714286,26,26,1.0,0fa55b2a902a6ebf5d00aa8eec1c449d35190dc84255f11b2c5f6aaabc2fea84
utf8_state,flip_tolerable,merge_tolerable,clang,-O2,EXECUTED,True,,,CERTIFIED_UNIQUE,True,2,2,0.9285714285714286,26,0,0.0,0fa55b2a902a6ebf5d00aa8eec1c449d35190dc84255f11b2c5f6aaabc2fea84
utf8_state,recovery_break,dependency_upgrade,gcc,-O0,EXECUTED,True,,,NOT_CERTIFIED,False,1,1,0.9642857142857143,27,27,1.0,749b06e46719a1cba95b921b7a0db7224fc6d4d10d368cb74deddce071a83b7b
utf8_state,recovery_break,dependency_upgrade,gcc,-O2,EXECUTED,True,,,NOT_CERTIFIED,False,1,1,0.9642857142857143,27,0,0.0,749b06e46719a1cba95b921b7a0db7224fc6d4d10d368cb74deddce071a83b7b
utf8_state,recovery_break,dependency_upgrade,clang,-O0,EXECUTED,True,,,NOT_CERTIFIED,False,1,1,0.9642857142857143,27,27,1.0,749b06e46719a1cba95b921b7a0db7224fc6d4d10d368cb74deddce071a83b7b
utf8_state,recovery_break,dependency_upgrade,clang,-O2,EXECUTED,True,,,NOT_CERTIFIED,False,1,1,0.9642857142857143,27,0,0.0,749b06e46719a1cba95b921b7a0db7224fc6d4d10d368cb74deddce071a83b7b
utf8_state,reseed,dependency_upgrade,gcc,-O0,EXECUTED,True,,,CERTIFIED_UNIQUE,True,0,0,0.0,28,28,1.0,02be8c35a4daca298276af9cc6215e284d2dc7353fe0b0dc1af2ccaea27e4e5d
utf8_state,reseed,dependency_upgrade,gcc,-O2,EXECUTED,True,,,CERTIFIED_UNIQUE,True,0,0,0.0,28,0,0.0,02be8c35a4daca298276af9cc6215e284d2dc7353fe0b0dc1af2ccaea27e4e5d
utf8_state,reseed,dependency_upgrade,clang,-O0,EXECUTED,True,,,CERTIFIED_UNIQUE,True,0,0,0.0,28,28,1.0,02be8c35a4daca298276af9cc6215e284d2dc7353fe0b0dc1af2ccaea27e4e5d
utf8_state,reseed,dependency_upgrade,clang,-O2,EXECUTED,True,,,CERTIFIED_UNIQUE,True,0,0,0.0,28,0,0.0,02be8c35a4daca298276af9cc6215e284d2dc7353fe0b0dc1af2ccaea27e4e5d
utf8_state,behavior_drift,dependency_upgrade,gcc,-O0,EXECUTED,False,66,153,CERTIFIED_UNIQUE,True,0,0,1.0,28,28,1.0,bfe1694bc2e3d8e3eebd7efbbab2fdf3966223d4aa683d53aed7c1b9243a982c
utf8_state,behavior_drift,dependency_upgrade,gcc,-O2,EXECUTED,False,66,153,CERTIFIED_UNIQUE,True,0,0,1.0,28,0,0.0,bfe1694bc2e3d8e3eebd7efbbab2fdf3966223d4aa683d53aed7c1b9243a982c
utf8_state,behavior_drift,dependency_upgrade,clang,-O0,EXECUTED,False,66,153,CERTIFIED_UNIQUE,True,0,0,1.0,28,28,1.0,bfe1694bc2e3d8e3eebd7efbbab2fdf3966223d4aa683d53aed7c1b9243a982c
utf8_state,behavior_drift,dependency_upgrade,clang,-O2,EXECUTED,False,66,153,CERTIFIED_UNIQUE,True,0,0,1.0,28,0,0.0,bfe1694bc2e3d8e3eebd7efbbab2fdf3966223d4aa683d53aed7c1b9243a982c
base64_state,baseline,,gcc,-O0,EXECUTED,True,,,CERTIFIED_UNIQUE,True,0,0,1.0,28,0,0.0,65837426d9eec48326b729dbc07e7471aabebcd0fb380165d0b17acfd8959ffa
base64_state,baseline,,gcc,-O2,EXECUTED,True,,,CERTIFIED_UNIQUE,True,0,0,1.0,28,0,0.0,65837426d9eec48326b729dbc07e7471aabebcd0fb380165d0b17acfd8959ffa
base64_state,baseline,,clang,-O0,EXECUTED,True,,,CERTIFIED_UNIQUE,True,0,0,1.0,28,28,1.0,65837426d9eec48326b729dbc07e7471aabebcd0fb380165d0b17acfd8959ffa
base64_state,baseline,,clang,-O2,EXECUTED,True,,,CERTIFIED_UNIQUE,True,0,0,1.0,28,0,0.0,65837426d9eec48326b729dbc07e7471aabebcd0fb380165d0b17acfd8959ffa
base64_state,rename,baseline,gcc,-O0,EXECUTED,True,,,CERTIFIED_UNIQUE,True,0,0,1.0,28,0,0.0,8ba05799a9a225852fed4a7b4d47eadce0f2c743d1c9c0492e09bfedb8dd3521
base64_state,rename,baseline,gcc,-O2,EXECUTED,True,,,CERTIFIED_UNIQUE,True,0,0,1.0,28,0,0.0,8ba05799a9a225852fed4a7b4d47eadce0f2c743d1c9c0492e09bfedb8dd3521
base64_state,rename,baseline,clang,-O0,EXECUTED,True,,,CERTIFIED_UNIQUE,True,0,0,1.0,28,28,1.0,8ba05799a9a225852fed4a7b4d47eadce0f2c743d1c9c0492e09bfedb8dd3521
base64_state,rename,baseline,clang,-O2,EXECUTED,True,,,CERTIFIED_UNIQUE,True,0,0,1.0,28,0,0.0,8ba05799a9a225852fed4a7b4d47eadce0f2c743d1c9c0492e09bfedb8dd3521
base64_state,reorder,rename,gcc,-O0,EXECUTED,True,,,CERTIFIED_UNIQUE,True,0,0,1.0,28,0,0.0,cada322caf1ccf880f02d65aa14d9fa387f62c1264864951ce9c05cf95472cec
base64_state,reorder,rename,gcc,-O2,EXECUTED,True,,,CERTIFIED_UNIQUE,True,0,0,1.0,28,0,0.0,cada322caf1ccf880f02d65aa14d9fa387f62c1264864951ce9c05cf95472cec
base64_state,reorder,rename,clang,-O0,EXECUTED,True,,,CERTIFIED_UNIQUE,True,0,0,1.0,28,28,1.0,cada322caf1ccf880f02d65aa14d9fa387f62c1264864951ce9c05cf95472cec
base64_state,reorder,rename,clang,-O2,EXECUTED,True,,,CERTIFIED_UNIQUE,True,0,0,1.0,28,0,0.0,cada322caf1ccf880f02d65aa14d9fa387f62c1264864951ce9c05cf95472cec
base64_state,extract,reorder,gcc,-O0,EXECUTED,True,,,CERTIFIED_UNIQUE,True,0,0,1.0,28,28,1.0,07ef3d95f2deac817624a25816041a361ef6db2767614aa30f262c26a198ea7f
base64_state,extract,reorder,gcc,-O2,EXECUTED,True,,,CERTIFIED_UNIQUE,True,0,0,1.0,28,0,0.0,07ef3d95f2deac817624a25816041a361ef6db2767614aa30f262c26a198ea7f
base64_state,extract,reorder,clang,-O0,EXECUTED,True,,,CERTIFIED_UNIQUE,True,0,0,1.0,28,28,1.0,07ef3d95f2deac817624a25816041a361ef6db2767614aa30f262c26a198ea7f
base64_state,extract,reorder,clang,-O2,EXECUTED,True,,,CERTIFIED_UNIQUE,True,0,0,1.0,28,0,0.0,07ef3d95f2deac817624a25816041a361ef6db2767614aa30f262c26a198ea7f
base64_state,dependency_upgrade,extract,gcc,-O0,EXECUTED,True,,,CERTIFIED_UNIQUE,True,0,0,1.0,28,28,1.0,ec7ec0bdd8df3871429a3bfbe56c35b7d7ea902f6479b3c07d2ec950407864e5
base64_state,dependency_upgrade,extract,gcc,-O2,EXECUTED,True,,,CERTIFIED_UNIQUE,True,0,0,1.0,28,0,0.0,ec7ec0bdd8df3871429a3bfbe56c35b7d7ea902f6479b3c07d2ec950407864e5
base64_state,dependency_upgrade,extract,clang,-O0,EXECUTED,True,,,CERTIFIED_UNIQUE,True,0,0,1.0,28,28,1.0,ec7ec0bdd8df3871429a3bfbe56c35b7d7ea902f6479b3c07d2ec950407864e5
base64_state,dependency_upgrade,extract,clang,-O2,EXECUTED,True,,,CERTIFIED_UNIQUE,True,0,0,1.0,28,0,0.0,ec7ec0bdd8df3871429a3bfbe56c35b7d7ea902f6479b3c07d2ec950407864e5
base64_state,format,dependency_upgrade,gcc,-O0,EXECUTED,True,,,CERTIFIED_UNIQUE,True,0,0,1.0,28,28,1.0,36496f6ed5cc30dc8b2e43ec5817c3d0583b2c420d4f2664ed9cd630ea6eb66b
base64_state,format,dependency_upgrade,gcc,-O2,EXECUTED,True,,,CERTIFIED_UNIQUE,True,0,0,1.0,28,0,0.0,36496f6ed5cc30dc8b2e43ec5817c3d0583b2c420d4f2664ed9cd630ea6eb66b
base64_state,format,dependency_upgrade,clang,-O0,EXECUTED,True,,,CERTIFIED_UNIQUE,True,0,0,1.0,28,28,1.0,36496f6ed5cc30dc8b2e43ec5817c3d0583b2c420d4f2664ed9cd630ea6eb66b
base64_state,format,dependency_upgrade,clang,-O2,EXECUTED,True,,,CERTIFIED_UNIQUE,True,0,0,1.0,28,0,0.0,36496f6ed5cc30dc8b2e43ec5817c3d0583b2c420d4f2664ed9cd630ea6eb66b
base64_state,erase_tolerable,dependency_upgrade,gcc,-O0,EXECUTED,True,,,CERTIFIED_UNIQUE,True,0,2,0.9285714285714286,26,26,1.0,ef141f1d59e21a6346ffff18c593b2ec7f67d9f1fcadf830123b987e61592e38
base64_state,erase_tolerable,dependency_upgrade,gcc,-O2,EXECUTED,True,,,CERTIFIED_UNIQUE,True,0,2,0.9285714285714286,26,0,0.0,ef141f1d59e21a6346ffff18c593b2ec7f67d9f1fcadf830123b987e61592e38
base64_state,erase_tolerable,dependency_upgrade,clang,-O0,EXECUTED,True,,,CERTIFIED_UNIQUE,True,0,2,0.9285714285714286,26,26,1.0,ef141f1d59e21a6346ffff18c593b2ec7f67d9f1fcadf830123b987e61592e38
base64_state,erase_tolerable,dependency_upgrade,clang,-O2,EXECUTED,True,,,CERTIFIED_UNIQUE,True,0,2,0.9285714285714286,26,0,0.0,ef141f1d59e21a6346ffff18c593b2ec7f67d9f1fcadf830123b987e61592e38
base64_state,merge_tolerable,"format,erase_tolerable",gcc,-O0,EXECUTED,True,,,CERTIFIED_UNIQUE,True,0,2,0.9285714285714286,26,26,1.0,958efbb049d2dbdb9588072066d918bf24883d1a06b886894adac261e7d2c37d
base64_state,merge_tolerable,"format,erase_tolerable",gcc,-O2,EXECUTED,True,,,CERTIFIED_UNIQUE,True,0,2,0.9285714285714286,26,0,0.0,958efbb049d2dbdb9588072066d918bf24883d1a06b886894adac261e7d2c37d
base64_state,merge_tolerable,"format,erase_tolerable",clang,-O0,EXECUTED,True,,,CERTIFIED_UNIQUE,True,0,2,0.9285714285714286,26,26,1.0,958efbb049d2dbdb9588072066d918bf24883d1a06b886894adac261e7d2c37d
base64_state,merge_tolerable,"format,erase_tolerable",clang,-O2,EXECUTED,True,,,CERTIFIED_UNIQUE,True,0,2,0.9285714285714286,26,0,0.0,958efbb049d2dbdb9588072066d918bf24883d1a06b886894adac261e7d2c37d
base64_state,flip_tolerable,merge_tolerable,gcc,-O0,EXECUTED,True,,,CERTIFIED_UNIQUE,True,2,2,0.9285714285714286,26,26,1.0,f37bc380c7e561de5456cd7a5ef9ac019b86e07e86bed04bc38213ee49cc97eb
base64_state,flip_tolerable,merge_tolerable,gcc,-O2,EXECUTED,True,,,CERTIFIED_UNIQUE,True,2,2,0.9285714285714286,26,0,0.0,f37bc380c7e561de5456cd7a5ef9ac019b86e07e86bed04bc38213ee49cc97eb
base64_state,flip_tolerable,merge_tolerable,clang,-O0,EXECUTED,True,,,CERTIFIED_UNIQUE,True,2,2,0.9285714285714286,26,26,1.0,f37bc380c7e561de5456cd7a5ef9ac019b86e07e86bed04bc38213ee49cc97eb
base64_state,flip_tolerable,merge_tolerable,clang,-O2,EXECUTED,True,,,CERTIFIED_UNIQUE,True,2,2,0.9285714285714286,26,0,0.0,f37bc380c7e561de5456cd7a5ef9ac019b86e07e86bed04bc38213ee49cc97eb
base64_state,recovery_break,dependency_upgrade,gcc,-O0,EXECUTED,True,,,NOT_CERTIFIED,False,1,1,0.9642857142857143,27,27,1.0,2a3a04d2fab5bb95ccf49df1a273a016f19753cc2b9f67f61464e04e6f4e74fe
base64_state,recovery_break,dependency_upgrade,gcc,-O2,EXECUTED,True,,,NOT_CERTIFIED,False,1,1,0.9642857142857143,27,0,0.0,2a3a04d2fab5bb95ccf49df1a273a016f19753cc2b9f67f61464e04e6f4e74fe
base64_state,recovery_break,dependency_upgrade,clang,-O0,EXECUTED,True,,,NOT_CERTIFIED,False,1,1,0.9642857142857143,27,27,1.0,2a3a04d2fab5bb95ccf49df1a273a016f19753cc2b9f67f61464e04e6f4e74fe
base64_state,recovery_break,dependency_upgrade,clang,-O2,EXECUTED,True,,,NOT_CERTIFIED,False,1,1,0.9642857142857143,27,0,0.0,2a3a04d2fab5bb95ccf49df1a273a016f19753cc2b9f67f61464e04e6f4e74fe
base64_state,reseed,dependency_upgrade,gcc,-O0,EXECUTED,True,,,CERTIFIED_UNIQUE,True,0,0,0.0,28,28,1.0,fa8952aec79fb68d668f02ec19d9034ce6b1b5e86b17f43a9fe1624e29a5da36
base64_state,reseed,dependency_upgrade,gcc,-O2,EXECUTED,True,,,CERTIFIED_UNIQUE,True,0,0,0.0,28,0,0.0,fa8952aec79fb68d668f02ec19d9034ce6b1b5e86b17f43a9fe1624e29a5da36
base64_state,reseed,dependency_upgrade,clang,-O0,EXECUTED,True,,,CERTIFIED_UNIQUE,True,0,0,0.0,28,28,1.0,fa8952aec79fb68d668f02ec19d9034ce6b1b5e86b17f43a9fe1624e29a5da36
base64_state,reseed,dependency_upgrade,clang,-O2,EXECUTED,True,,,CERTIFIED_UNIQUE,True,0,0,0.0,28,0,0.0,fa8952aec79fb68d668f02ec19d9034ce6b1b5e86b17f43a9fe1624e29a5da36
base64_state,behavior_drift,dependency_upgrade,gcc,-O0,EXECUTED,False,66,153,CERTIFIED_UNIQUE,True,0,0,1.0,28,28,1.0,0052415912ee3555c6e3a6047cd7df5c71b0c05629a652959bf2a4c69d591c74
base64_state,behavior_drift,dependency_upgrade,gcc,-O2,EXECUTED,False,66,153,CERTIFIED_UNIQUE,True,0,0,1.0,28,0,0.0,0052415912ee3555c6e3a6047cd7df5c71b0c05629a652959bf2a4c69d591c74
base64_state,behavior_drift,dependency_upgrade,clang,-O0,EXECUTED,False,66,153,CERTIFIED_UNIQUE,True,0,0,1.0,28,28,1.0,0052415912ee3555c6e3a6047cd7df5c71b0c05629a652959bf2a4c69d591c74
base64_state,behavior_drift,dependency_upgrade,clang,-O2,EXECUTED,False,66,153,CERTIFIED_UNIQUE,True,0,0,1.0,28,0,0.0,0052415912ee3555c6e3a6047cd7df5c71b0c05629a652959bf2a4c69d591c74
luhn_state,baseline,,gcc,-O0,EXECUTED,True,,,CERTIFIED_UNIQUE,True,0,0,1.0,28,0,0.0,63a874cdad34679c7f0a9725e200e603d832733f65a1b625b9320830f7eb86e2
luhn_state,baseline,,gcc,-O2,EXECUTED,True,,,CERTIFIED_UNIQUE,True,0,0,1.0,28,0,0.0,63a874cdad34679c7f0a9725e200e603d832733f65a1b625b9320830f7eb86e2
luhn_state,baseline,,clang,-O0,EXECUTED,True,,,CERTIFIED_UNIQUE,True,0,0,1.0,28,28,1.0,63a874cdad34679c7f0a9725e200e603d832733f65a1b625b9320830f7eb86e2
luhn_state,baseline,,clang,-O2,EXECUTED,True,,,CERTIFIED_UNIQUE,True,0,0,1.0,28,0,0.0,63a874cdad34679c7f0a9725e200e603d832733f65a1b625b9320830f7eb86e2
luhn_state,rename,baseline,gcc,-O0,EXECUTED,True,,,CERTIFIED_UNIQUE,True,0,0,1.0,28,0,0.0,718443de48439f7af8a87f074068d4df9f74d12b4b1faf325223f251ed15954d
luhn_state,rename,baseline,gcc,-O2,EXECUTED,True,,,CERTIFIED_UNIQUE,True,0,0,1.0,28,0,0.0,718443de48439f7af8a87f074068d4df9f74d12b4b1faf325223f251ed15954d
luhn_state,rename,baseline,clang,-O0,EXECUTED,True,,,CERTIFIED_UNIQUE,True,0,0,1.0,28,28,1.0,718443de48439f7af8a87f074068d4df9f74d12b4b1faf325223f251ed15954d
luhn_state,rename,baseline,clang,-O2,EXECUTED,True,,,CERTIFIED_UNIQUE,True,0,0,1.0,28,0,0.0,718443de48439f7af8a87f074068d4df9f74d12b4b1faf325223f251ed15954d
luhn_state,reorder,rename,gcc,-O0,EXECUTED,True,,,CERTIFIED_UNIQUE,True,0,0,1.0,28,0,0.0,455bb6e71ca19a179ddee6cfeaad1d1ae30f61b2e13284219135c021b0f6e58f
luhn_state,reorder,rename,gcc,-O2,EXECUTED,True,,,CERTIFIED_UNIQUE,True,0,0,1.0,28,0,0.0,455bb6e71ca19a179ddee6cfeaad1d1ae30f61b2e13284219135c021b0f6e58f
luhn_state,reorder,rename,clang,-O0,EXECUTED,True,,,CERTIFIED_UNIQUE,True,0,0,1.0,28,28,1.0,455bb6e71ca19a179ddee6cfeaad1d1ae30f61b2e13284219135c021b0f6e58f
luhn_state,reorder,rename,clang,-O2,EXECUTED,True,,,CERTIFIED_UNIQUE,True,0,0,1.0,28,0,0.0,455bb6e71ca19a179ddee6cfeaad1d1ae30f61b2e13284219135c021b0f6e58f
luhn_state,extract,reorder,gcc,-O0,EXECUTED,True,,,CERTIFIED_UNIQUE,True,0,0,1.0,28,28,1.0,873e5fcb994fbf9636ba0e7102e8d8aa0f337802bc36da6efcae1fd38749c9d9
luhn_state,extract,reorder,gcc,-O2,EXECUTED,True,,,CERTIFIED_UNIQUE,True,0,0,1.0,28,0,0.0,873e5fcb994fbf9636ba0e7102e8d8aa0f337802bc36da6efcae1fd38749c9d9
luhn_state,extract,reorder,clang,-O0,EXECUTED,True,,,CERTIFIED_UNIQUE,True,0,0,1.0,28,28,1.0,873e5fcb994fbf9636ba0e7102e8d8aa0f337802bc36da6efcae1fd38749c9d9
luhn_state,extract,reorder,clang,-O2,EXECUTED,True,,,CERTIFIED_UNIQUE,True,0,0,1.0,28,0,0.0,873e5fcb994fbf9636ba0e7102e8d8aa0f337802bc36da6efcae1fd38749c9d9
luhn_state,dependency_upgrade,extract,gcc,-O0,EXECUTED,True,,,CERTIFIED_UNIQUE,True,0,0,1.0,28,28,1.0,1fe1fd38d89453e9eec4e85f8977625315bbf151a424c8ac05913e48d371e3b7
luhn_state,dependency_upgrade,extract,gcc,-O2,EXECUTED,True,,,CERTIFIED_UNIQUE,True,0,0,1.0,28,0,0.0,1fe1fd38d89453e9eec4e85f8977625315bbf151a424c8ac05913e48d371e3b7
luhn_state,dependency_upgrade,extract,clang,-O0,EXECUTED,True,,,CERTIFIED_UNIQUE,True,0,0,1.0,28,28,1.0,1fe1fd38d89453e9eec4e85f8977625315bbf151a424c8ac05913e48d371e3b7
luhn_state,dependency_upgrade,extract,clang,-O2,EXECUTED,True,,,CERTIFIED_UNIQUE,True,0,0,1.0,28,0,0.0,1fe1fd38d89453e9eec4e85f8977625315bbf151a424c8ac05913e48d371e3b7
luhn_state,format,dependency_upgrade,gcc,-O0,EXECUTED,True,,,CERTIFIED_UNIQUE,True,0,0,1.0,28,28,1.0,7b86c0f625f3a6316f38c29020f4044d9b7cc9192bf05464cbbc61971d841111
luhn_state,format,dependency_upgrade,gcc,-O2,EXECUTED,True,,,CERTIFIED_UNIQUE,True,0,0,1.0,28,0,0.0,7b86c0f625f3a6316f38c29020f4044d9b7cc9192bf05464cbbc61971d841111
luhn_state,format,dependency_upgrade,clang,-O0,EXECUTED,True,,,CERTIFIED_UNIQUE,True,0,0,1.0,28,28,1.0,7b86c0f625f3a6316f38c29020f4044d9b7cc9192bf05464cbbc61971d841111
luhn_state,format,dependency_upgrade,clang,-O2,EXECUTED,True,,,CERTIFIED_UNIQUE,True,0,0,1.0,28,0,0.0,7b86c0f625f3a6316f38c29020f4044d9b7cc9192bf05464cbbc61971d841111
luhn_state,erase_tolerable,dependency_upgrade,gcc,-O0,EXECUTED,True,,,CERTIFIED_UNIQUE,True,0,2,0.9285714285714286,26,26,1.0,969880e2feab3ce6abc8c7345cdd35cdabb5bd51212b63853e4121344e5a4345
luhn_state,erase_tolerable,dependency_upgrade,gcc,-O2,EXECUTED,True,,,CERTIFIED_UNIQUE,True,0,2,0.9285714285714286,26,0,0.0,969880e2feab3ce6abc8c7345cdd35cdabb5bd51212b63853e4121344e5a4345
luhn_state,erase_tolerable,dependency_upgrade,clang,-O0,EXECUTED,True,,,CERTIFIED_UNIQUE,True,0,2,0.9285714285714286,26,26,1.0,969880e2feab3ce6abc8c7345cdd35cdabb5bd51212b63853e4121344e5a4345
luhn_state,erase_tolerable,dependency_upgrade,clang,-O2,EXECUTED,True,,,CERTIFIED_UNIQUE,True,0,2,0.9285714285714286,26,0,0.0,969880e2feab3ce6abc8c7345cdd35cdabb5bd51212b63853e4121344e5a4345
luhn_state,merge_tolerable,"format,erase_tolerable",gcc,-O0,EXECUTED,True,,,CERTIFIED_UNIQUE,True,0,2,0.9285714285714286,26,26,1.0,1cbcf8c45b0eca41e479f9beda7450ab2a722b550e4a54863b6f96583036ab45
luhn_state,merge_tolerable,"format,erase_tolerable",gcc,-O2,EXECUTED,True,,,CERTIFIED_UNIQUE,True,0,2,0.9285714285714286,26,0,0.0,1cbcf8c45b0eca41e479f9beda7450ab2a722b550e4a54863b6f96583036ab45
luhn_state,merge_tolerable,"format,erase_tolerable",clang,-O0,EXECUTED,True,,,CERTIFIED_UNIQUE,True,0,2,0.9285714285714286,26,26,1.0,1cbcf8c45b0eca41e479f9beda7450ab2a722b550e4a54863b6f96583036ab45
luhn_state,merge_tolerable,"format,erase_tolerable",clang,-O2,EXECUTED,True,,,CERTIFIED_UNIQUE,True,0,2,0.9285714285714286,26,0,0.0,1cbcf8c45b0eca41e479f9beda7450ab2a722b550e4a54863b6f96583036ab45
luhn_state,flip_tolerable,merge_tolerable,gcc,-O0,EXECUTED,True,,,CERTIFIED_UNIQUE,True,2,2,0.9285714285714286,26,26,1.0,dc4db8dfcb94057538c65769ae8c9f466a7e46de92e081c81cc6dcf61697ceb3
luhn_state,flip_tolerable,merge_tolerable,gcc,-O2,EXECUTED,True,,,CERTIFIED_UNIQUE,True,2,2,0.9285714285714286,26,0,0.0,dc4db8dfcb94057538c65769ae8c9f466a7e46de92e081c81cc6dcf61697ceb3
luhn_state,flip_tolerable,merge_tolerable,clang,-O0,EXECUTED,True,,,CERTIFIED_UNIQUE,True,2,2,0.9285714285714286,26,26,1.0,dc4db8dfcb94057538c65769ae8c9f466a7e46de92e081c81cc6dcf61697ceb3
luhn_state,flip_tolerable,merge_tolerable,clang,-O2,EXECUTED,True,,,CERTIFIED_UNIQUE,True,2,2,0.9285714285714286,26,0,0.0,dc4db8dfcb94057538c65769ae8c9f466a7e46de92e081c81cc6dcf61697ceb3
luhn_state,recovery_break,dependency_upgrade,gcc,-O0,EXECUTED,True,,,NOT_CERTIFIED,False,1,1,0.9642857142857143,27,27,1.0,ee1dcd4200aaafe0a5b72f546239ad509baf5ab97287e05bbdf2a480f77df8b9
luhn_state,recovery_break,dependency_upgrade,gcc,-O2,EXECUTED,True,,,NOT_CERTIFIED,False,1,1,0.9642857142857143,27,0,0.0,ee1dcd4200aaafe0a5b72f546239ad509baf5ab97287e05bbdf2a480f77df8b9
luhn_state,recovery_break,dependency_upgrade,clang,-O0,EXECUTED,True,,,NOT_CERTIFIED,False,1,1,0.9642857142857143,27,27,1.0,ee1dcd4200aaafe0a5b72f546239ad509baf5ab97287e05bbdf2a480f77df8b9
luhn_state,recovery_break,dependency_upgrade,clang,-O2,EXECUTED,True,,,NOT_CERTIFIED,False,1,1,0.9642857142857143,27,0,0.0,ee1dcd4200aaafe0a5b72f546239ad509baf5ab97287e05bbdf2a480f77df8b9
luhn_state,reseed,dependency_upgrade,gcc,-O0,EXECUTED,True,,,CERTIFIED_UNIQUE,True,0,0,0.0,28,28,1.0,ed484df391c3279b1bb13dd87b7566f808f3e7f4b1a556c3b3b92440cc8553ef
luhn_state,reseed,dependency_upgrade,gcc,-O2,EXECUTED,True,,,CERTIFIED_UNIQUE,True,0,0,0.0,28,0,0.0,ed484df391c3279b1bb13dd87b7566f808f3e7f4b1a556c3b3b92440cc8553ef
luhn_state,reseed,dependency_upgrade,clang,-O0,EXECUTED,True,,,CERTIFIED_UNIQUE,True,0,0,0.0,28,28,1.0,ed484df391c3279b1bb13dd87b7566f808f3e7f4b1a556c3b3b92440cc8553ef
luhn_state,reseed,dependency_upgrade,clang,-O2,EXECUTED,True,,,CERTIFIED_UNIQUE,True,0,0,0.0,28,0,0.0,ed484df391c3279b1bb13dd87b7566f808f3e7f4b1a556c3b3b92440cc8553ef
luhn_state,behavior_drift,dependency_upgrade,gcc,-O0,EXECUTED,False,66,153,CERTIFIED_UNIQUE,True,0,0,1.0,28,28,1.0,6002b1aef37031e99cedb19871d0977f98a653f7c63cb55ed84d512653eb796f
luhn_state,behavior_drift,dependency_upgrade,gcc,-O2,EXECUTED,False,66,153,CERTIFIED_UNIQUE,True,0,0,1.0,28,0,0.0,6002b1aef37031e99cedb19871d0977f98a653f7c63cb55ed84d512653eb796f
luhn_state,behavior_drift,dependency_upgrade,clang,-O0,EXECUTED,False,66,153,CERTIFIED_UNIQUE,True,0,0,1.0,28,28,1.0,6002b1aef37031e99cedb19871d0977f98a653f7c63cb55ed84d512653eb796f
luhn_state,behavior_drift,dependency_upgrade,clang,-O2,EXECUTED,False,66,153,CERTIFIED_UNIQUE,True,0,0,1.0,28,0,0.0,6002b1aef37031e99cedb19871d0977f98a653f7c63cb55ed84d512653eb796f
saturating_add,baseline,,gcc,-O0,EXECUTED,True,,,CERTIFIED_UNIQUE,True,0,0,1.0,28,0,0.0,20e187fe2e4daac69cbde142e4414a5f06abd153aff6761a181634602f649181
saturating_add,baseline,,gcc,-O2,EXECUTED,True,,,CERTIFIED_UNIQUE,True,0,0,1.0,28,0,0.0,20e187fe2e4daac69cbde142e4414a5f06abd153aff6761a181634602f649181
saturating_add,baseline,,clang,-O0,EXECUTED,True,,,CERTIFIED_UNIQUE,True,0,0,1.0,28,28,1.0,20e187fe2e4daac69cbde142e4414a5f06abd153aff6761a181634602f649181
saturating_add,baseline,,clang,-O2,EXECUTED,True,,,CERTIFIED_UNIQUE,True,0,0,1.0,28,0,0.0,20e187fe2e4daac69cbde142e4414a5f06abd153aff6761a181634602f649181
saturating_add,rename,baseline,gcc,-O0,EXECUTED,True,,,CERTIFIED_UNIQUE,True,0,0,1.0,28,0,0.0,26c2d30b359cf2792f1b7f69c8fbd2eff280f0a295cbb26495e3fa73ad2e7af1
saturating_add,rename,baseline,gcc,-O2,EXECUTED,True,,,CERTIFIED_UNIQUE,True,0,0,1.0,28,0,0.0,26c2d30b359cf2792f1b7f69c8fbd2eff280f0a295cbb26495e3fa73ad2e7af1
saturating_add,rename,baseline,clang,-O0,EXECUTED,True,,,CERTIFIED_UNIQUE,True,0,0,1.0,28,28,1.0,26c2d30b359cf2792f1b7f69c8fbd2eff280f0a295cbb26495e3fa73ad2e7af1
saturating_add,rename,baseline,clang,-O2,EXECUTED,True,,,CERTIFIED_UNIQUE,True,0,0,1.0,28,0,0.0,26c2d30b359cf2792f1b7f69c8fbd2eff280f0a295cbb26495e3fa73ad2e7af1
saturating_add,reorder,rename,gcc,-O0,EXECUTED,True,,,CERTIFIED_UNIQUE,True,0,0,1.0,28,0,0.0,4ce090602c100c8dbe64d72a7c547c4504a5a58964af01f20d9bfc4a6af022e4
saturating_add,reorder,rename,gcc,-O2,EXECUTED,True,,,CERTIFIED_UNIQUE,True,0,0,1.0,28,0,0.0,4ce090602c100c8dbe64d72a7c547c4504a5a58964af01f20d9bfc4a6af022e4
saturating_add,reorder,rename,clang,-O0,EXECUTED,True,,,CERTIFIED_UNIQUE,True,0,0,1.0,28,28,1.0,4ce090602c100c8dbe64d72a7c547c4504a5a58964af01f20d9bfc4a6af022e4
saturating_add,reorder,rename,clang,-O2,EXECUTED,True,,,CERTIFIED_UNIQUE,True,0,0,1.0,28,0,0.0,4ce090602c100c8dbe64d72a7c547c4504a5a58964af01f20d9bfc4a6af022e4
saturating_add,extract,reorder,gcc,-O0,EXECUTED,True,,,CERTIFIED_UNIQUE,True,0,0,1.0,28,28,1.0,5bb6fccb635a1186d23eca5ae8086f329413b95ff24b142b7becda07c86fb162
saturating_add,extract,reorder,gcc,-O2,EXECUTED,True,,,CERTIFIED_UNIQUE,True,0,0,1.0,28,0,0.0,5bb6fccb635a1186d23eca5ae8086f329413b95ff24b142b7becda07c86fb162
saturating_add,extract,reorder,clang,-O0,EXECUTED,True,,,CERTIFIED_UNIQUE,True,0,0,1.0,28,28,1.0,5bb6fccb635a1186d23eca5ae8086f329413b95ff24b142b7becda07c86fb162
saturating_add,extract,reorder,clang,-O2,EXECUTED,True,,,CERTIFIED_UNIQUE,True,0,0,1.0,28,0,0.0,5bb6fccb635a1186d23eca5ae8086f329413b95ff24b142b7becda07c86fb162
saturating_add,dependency_upgrade,extract,gcc,-O0,EXECUTED,True,,,CERTIFIED_UNIQUE,True,0,0,1.0,28,28,1.0,a0e20e91914ea650c0752475032963341fe0b6a4bc82d80e88c086b34ffcd678
saturating_add,dependency_upgrade,extract,gcc,-O2,EXECUTED,True,,,CERTIFIED_UNIQUE,True,0,0,1.0,28,0,0.0,a0e20e91914ea650c0752475032963341fe0b6a4bc82d80e88c086b34ffcd678
saturating_add,dependency_upgrade,extract,clang,-O0,EXECUTED,True,,,CERTIFIED_UNIQUE,True,0,0,1.0,28,28,1.0,a0e20e91914ea650c0752475032963341fe0b6a4bc82d80e88c086b34ffcd678
saturating_add,dependency_upgrade,extract,clang,-O2,EXECUTED,True,,,CERTIFIED_UNIQUE,True,0,0,1.0,28,0,0.0,a0e20e91914ea650c0752475032963341fe0b6a4bc82d80e88c086b34ffcd678
saturating_add,format,dependency_upgrade,gcc,-O0,EXECUTED,True,,,CERTIFIED_UNIQUE,True,0,0,1.0,28,28,1.0,4ed442092d723cf89c2fdbf09a7a17886906e79d4e65fec4a36f5c4ec358558c
saturating_add,format,dependency_upgrade,gcc,-O2,EXECUTED,True,,,CERTIFIED_UNIQUE,True,0,0,1.0,28,0,0.0,4ed442092d723cf89c2fdbf09a7a17886906e79d4e65fec4a36f5c4ec358558c
saturating_add,format,dependency_upgrade,clang,-O0,EXECUTED,True,,,CERTIFIED_UNIQUE,True,0,0,1.0,28,28,1.0,4ed442092d723cf89c2fdbf09a7a17886906e79d4e65fec4a36f5c4ec358558c
saturating_add,format,dependency_upgrade,clang,-O2,EXECUTED,True,,,CERTIFIED_UNIQUE,True,0,0,1.0,28,0,0.0,4ed442092d723cf89c2fdbf09a7a17886906e79d4e65fec4a36f5c4ec358558c
saturating_add,erase_tolerable,dependency_upgrade,gcc,-O0,EXECUTED,True,,,CERTIFIED_UNIQUE,True,0,2,0.9285714285714286,26,26,1.0,73f82acf248e9d138bc32fefece67e39f685c9baab4ce21c82e9707e7672f9cb
saturating_add,erase_tolerable,dependency_upgrade,gcc,-O2,EXECUTED,True,,,CERTIFIED_UNIQUE,True,0,2,0.9285714285714286,26,0,0.0,73f82acf248e9d138bc32fefece67e39f685c9baab4ce21c82e9707e7672f9cb
saturating_add,erase_tolerable,dependency_upgrade,clang,-O0,EXECUTED,True,,,CERTIFIED_UNIQUE,True,0,2,0.9285714285714286,26,26,1.0,73f82acf248e9d138bc32fefece67e39f685c9baab4ce21c82e9707e7672f9cb
saturating_add,erase_tolerable,dependency_upgrade,clang,-O2,EXECUTED,True,,,CERTIFIED_UNIQUE,True,0,2,0.9285714285714286,26,0,0.0,73f82acf248e9d138bc32fefece67e39f685c9baab4ce21c82e9707e7672f9cb
saturating_add,merge_tolerable,"format,erase_tolerable",gcc,-O0,EXECUTED,True,,,CERTIFIED_UNIQUE,True,0,2,0.9285714285714286,26,26,1.0,17e3e79d4ce8f417e69111808474eb9f7ca25cfd03368e7fc568651f06ff31da
saturating_add,merge_tolerable,"format,erase_tolerable",gcc,-O2,EXECUTED,True,,,CERTIFIED_UNIQUE,True,0,2,0.9285714285714286,26,0,0.0,17e3e79d4ce8f417e69111808474eb9f7ca25cfd03368e7fc568651f06ff31da
saturating_add,merge_tolerable,"format,erase_tolerable",clang,-O0,EXECUTED,True,,,CERTIFIED_UNIQUE,True,0,2,0.9285714285714286,26,26,1.0,17e3e79d4ce8f417e69111808474eb9f7ca25cfd03368e7fc568651f06ff31da
saturating_add,merge_tolerable,"format,erase_tolerable",clang,-O2,EXECUTED,True,,,CERTIFIED_UNIQUE,True,0,2,0.9285714285714286,26,0,0.0,17e3e79d4ce8f417e69111808474eb9f7ca25cfd03368e7fc568651f06ff31da
saturating_add,flip_tolerable,merge_tolerable,gcc,-O0,EXECUTED,True,,,CERTIFIED_UNIQUE,True,2,2,0.9285714285714286,26,26,1.0,db3a72de07d95357a82c5d4ab9298e7630496a878c27855746fadf73b1cde34c
saturating_add,flip_tolerable,merge_tolerable,gcc,-O2,EXECUTED,True,,,CERTIFIED_UNIQUE,True,2,2,0.9285714285714286,26,0,0.0,db3a72de07d95357a82c5d4ab9298e7630496a878c27855746fadf73b1cde34c
saturating_add,flip_tolerable,merge_tolerable,clang,-O0,EXECUTED,True,,,CERTIFIED_UNIQUE,True,2,2,0.9285714285714286,26,26,1.0,db3a72de07d95357a82c5d4ab9298e7630496a878c27855746fadf73b1cde34c
saturating_add,flip_tolerable,merge_tolerable,clang,-O2,EXECUTED,True,,,CERTIFIED_UNIQUE,True,2,2,0.9285714285714286,26,0,0.0,db3a72de07d95357a82c5d4ab9298e7630496a878c27855746fadf73b1cde34c
saturating_add,recovery_break,dependency_upgrade,gcc,-O0,EXECUTED,True,,,NOT_CERTIFIED,False,1,1,0.9642857142857143,27,27,1.0,d7c576b663083289d68fe7b729cc30b1d3a50e6a045bb9e15e22c4d1261f2a73
saturating_add,recovery_break,dependency_upgrade,gcc,-O2,EXECUTED,True,,,NOT_CERTIFIED,False,1,1,0.9642857142857143,27,0,0.0,d7c576b663083289d68fe7b729cc30b1d3a50e6a045bb9e15e22c4d1261f2a73
saturating_add,recovery_break,dependency_upgrade,clang,-O0,EXECUTED,True,,,NOT_CERTIFIED,False,1,1,0.9642857142857143,27,27,1.0,d7c576b663083289d68fe7b729cc30b1d3a50e6a045bb9e15e22c4d1261f2a73
saturating_add,recovery_break,dependency_upgrade,clang,-O2,EXECUTED,True,,,NOT_CERTIFIED,False,1,1,0.9642857142857143,27,0,0.0,d7c576b663083289d68fe7b729cc30b1d3a50e6a045bb9e15e22c4d1261f2a73
saturating_add,reseed,dependency_upgrade,gcc,-O0,EXECUTED,True,,,CERTIFIED_UNIQUE,True,0,0,0.0,28,28,1.0,394e384a29bb8bf4c4ce58776ae21696960f7b84cd97d1b0c4dfbc7c51d04b0b
saturating_add,reseed,dependency_upgrade,gcc,-O2,EXECUTED,True,,,CERTIFIED_UNIQUE,True,0,0,0.0,28,0,0.0,394e384a29bb8bf4c4ce58776ae21696960f7b84cd97d1b0c4dfbc7c51d04b0b
saturating_add,reseed,dependency_upgrade,clang,-O0,EXECUTED,True,,,CERTIFIED_UNIQUE,True,0,0,0.0,28,28,1.0,394e384a29bb8bf4c4ce58776ae21696960f7b84cd97d1b0c4dfbc7c51d04b0b
saturating_add,reseed,dependency_upgrade,clang,-O2,EXECUTED,True,,,CERTIFIED_UNIQUE,True,0,0,0.0,28,0,0.0,394e384a29bb8bf4c4ce58776ae21696960f7b84cd97d1b0c4dfbc7c51d04b0b
saturating_add,behavior_drift,dependency_upgrade,gcc,-O0,EXECUTED,False,66,153,CERTIFIED_UNIQUE,True,0,0,1.0,28,28,1.0,f2bbd3dcffa74dede2b10fdbf9e6ecada41632ea651318067bbfe56e9f71c9f3
saturating_add,behavior_drift,dependency_upgrade,gcc,-O2,EXECUTED,False,66,153,CERTIFIED_UNIQUE,True,0,0,1.0,28,0,0.0,f2bbd3dcffa74dede2b10fdbf9e6ecada41632ea651318067bbfe56e9f71c9f3
saturating_add,behavior_drift,dependency_upgrade,clang,-O0,EXECUTED,False,66,153,CERTIFIED_UNIQUE,True,0,0,1.0,28,28,1.0,f2bbd3dcffa74dede2b10fdbf9e6ecada41632ea651318067bbfe56e9f71c9f3
saturating_add,behavior_drift,dependency_upgrade,clang,-O2,EXECUTED,False,66,153,CERTIFIED_UNIQUE,True,0,0,1.0,28,0,0.0,f2bbd3dcffa74dede2b10fdbf9e6ecada41632ea651318067bbfe56e9f71c9f3
branch_mix,baseline,,gcc,-O0,EXECUTED,True,,,CERTIFIED_UNIQUE,True,0,0,1.0,28,0,0.0,cbed37246a8723eb218544a3f41bc123ef278abe551677ca3fb0407da12a9e77
branch_mix,baseline,,gcc,-O2,EXECUTED,True,,,CERTIFIED_UNIQUE,True,0,0,1.0,28,0,0.0,cbed37246a8723eb218544a3f41bc123ef278abe551677ca3fb0407da12a9e77
branch_mix,baseline,,clang,-O0,EXECUTED,True,,,CERTIFIED_UNIQUE,True,0,0,1.0,28,28,1.0,cbed37246a8723eb218544a3f41bc123ef278abe551677ca3fb0407da12a9e77
branch_mix,baseline,,clang,-O2,EXECUTED,True,,,CERTIFIED_UNIQUE,True,0,0,1.0,28,0,0.0,cbed37246a8723eb218544a3f41bc123ef278abe551677ca3fb0407da12a9e77
branch_mix,rename,baseline,gcc,-O0,EXECUTED,True,,,CERTIFIED_UNIQUE,True,0,0,1.0,28,0,0.0,30fdc3613cf31d9b9a80642c028e3a1057b0a1001c3f402c9f9b163bef9b283d
branch_mix,rename,baseline,gcc,-O2,EXECUTED,True,,,CERTIFIED_UNIQUE,True,0,0,1.0,28,0,0.0,30fdc3613cf31d9b9a80642c028e3a1057b0a1001c3f402c9f9b163bef9b283d
branch_mix,rename,baseline,clang,-O0,EXECUTED,True,,,CERTIFIED_UNIQUE,True,0,0,1.0,28,28,1.0,30fdc3613cf31d9b9a80642c028e3a1057b0a1001c3f402c9f9b163bef9b283d
branch_mix,rename,baseline,clang,-O2,EXECUTED,True,,,CERTIFIED_UNIQUE,True,0,0,1.0,28,0,0.0,30fdc3613cf31d9b9a80642c028e3a1057b0a1001c3f402c9f9b163bef9b283d
branch_mix,reorder,rename,gcc,-O0,EXECUTED,True,,,CERTIFIED_UNIQUE,True,0,0,1.0,28,0,0.0,4f3784320c3b39290e5f140f343f044b10a76b0294555cc48e0d06076910ea69
branch_mix,reorder,rename,gcc,-O2,EXECUTED,True,,,CERTIFIED_UNIQUE,True,0,0,1.0,28,0,0.0,4f3784320c3b39290e5f140f343f044b10a76b0294555cc48e0d06076910ea69
branch_mix,reorder,rename,clang,-O0,EXECUTED,True,,,CERTIFIED_UNIQUE,True,0,0,1.0,28,28,1.0,4f3784320c3b39290e5f140f343f044b10a76b0294555cc48e0d06076910ea69
branch_mix,reorder,rename,clang,-O2,EXECUTED,True,,,CERTIFIED_UNIQUE,True,0,0,1.0,28,0,0.0,4f3784320c3b39290e5f140f343f044b10a76b0294555cc48e0d06076910ea69
branch_mix,extract,reorder,gcc,-O0,EXECUTED,True,,,CERTIFIED_UNIQUE,True,0,0,1.0,28,28,1.0,04891f333ab1ea4ad1ac37cd060a06873911b17eceff38af769cf36fab69c9db
branch_mix,extract,reorder,gcc,-O2,EXECUTED,True,,,CERTIFIED_UNIQUE,True,0,0,1.0,28,0,0.0,04891f333ab1ea4ad1ac37cd060a06873911b17eceff38af769cf36fab69c9db
branch_mix,extract,reorder,clang,-O0,EXECUTED,True,,,CERTIFIED_UNIQUE,True,0,0,1.0,28,28,1.0,04891f333ab1ea4ad1ac37cd060a06873911b17eceff38af769cf36fab69c9db
branch_mix,extract,reorder,clang,-O2,EXECUTED,True,,,CERTIFIED_UNIQUE,True,0,0,1.0,28,0,0.0,04891f333ab1ea4ad1ac37cd060a06873911b17eceff38af769cf36fab69c9db
branch_mix,dependency_upgrade,extract,gcc,-O0,EXECUTED,True,,,CERTIFIED_UNIQUE,True,0,0,1.0,28,28,1.0,76d7d8f04020c19a0a48f0a6aaa23cc494f9793e57a41fea8b619ca808c39f45
branch_mix,dependency_upgrade,extract,gcc,-O2,EXECUTED,True,,,CERTIFIED_UNIQUE,True,0,0,1.0,28,0,0.0,76d7d8f04020c19a0a48f0a6aaa23cc494f9793e57a41fea8b619ca808c39f45
branch_mix,dependency_upgrade,extract,clang,-O0,EXECUTED,True,,,CERTIFIED_UNIQUE,True,0,0,1.0,28,28,1.0,76d7d8f04020c19a0a48f0a6aaa23cc494f9793e57a41fea8b619ca808c39f45
branch_mix,dependency_upgrade,extract,clang,-O2,EXECUTED,True,,,CERTIFIED_UNIQUE,True,0,0,1.0,28,0,0.0,76d7d8f04020c19a0a48f0a6aaa23cc494f9793e57a41fea8b619ca808c39f45
branch_mix,format,dependency_upgrade,gcc,-O0,EXECUTED,True,,,CERTIFIED_UNIQUE,True,0,0,1.0,28,28,1.0,2de9d45c64cb30b4548356cef0b239e0e719eb8403d4a523e16e5705ae3ca233
branch_mix,format,dependency_upgrade,gcc,-O2,EXECUTED,True,,,CERTIFIED_UNIQUE,True,0,0,1.0,28,0,0.0,2de9d45c64cb30b4548356cef0b239e0e719eb8403d4a523e16e5705ae3ca233
branch_mix,format,dependency_upgrade,clang,-O0,EXECUTED,True,,,CERTIFIED_UNIQUE,True,0,0,1.0,28,28,1.0,2de9d45c64cb30b4548356cef0b239e0e719eb8403d4a523e16e5705ae3ca233
branch_mix,format,dependency_upgrade,clang,-O2,EXECUTED,True,,,CERTIFIED_UNIQUE,True,0,0,1.0,28,0,0.0,2de9d45c64cb30b4548356cef0b239e0e719eb8403d4a523e16e5705ae3ca233
branch_mix,erase_tolerable,dependency_upgrade,gcc,-O0,EXECUTED,True,,,CERTIFIED_UNIQUE,True,0,2,0.9285714285714286,26,26,1.0,d722edef1390020efa0e720b01829fa7f388bf1da9ef79f3d39c23dcffa63664
branch_mix,erase_tolerable,dependency_upgrade,gcc,-O2,EXECUTED,True,,,CERTIFIED_UNIQUE,True,0,2,0.9285714285714286,26,0,0.0,d722edef1390020efa0e720b01829fa7f388bf1da9ef79f3d39c23dcffa63664
branch_mix,erase_tolerable,dependency_upgrade,clang,-O0,EXECUTED,True,,,CERTIFIED_UNIQUE,True,0,2,0.9285714285714286,26,26,1.0,d722edef1390020efa0e720b01829fa7f388bf1da9ef79f3d39c23dcffa63664
branch_mix,erase_tolerable,dependency_upgrade,clang,-O2,EXECUTED,True,,,CERTIFIED_UNIQUE,True,0,2,0.9285714285714286,26,0,0.0,d722edef1390020efa0e720b01829fa7f388bf1da9ef79f3d39c23dcffa63664
branch_mix,merge_tolerable,"format,erase_tolerable",gcc,-O0,EXECUTED,True,,,CERTIFIED_UNIQUE,True,0,2,0.9285714285714286,26,26,1.0,c5b9865823effe12716504653950bb3c0694203f131caa93472d07b9832d2565
branch_mix,merge_tolerable,"format,erase_tolerable",gcc,-O2,EXECUTED,True,,,CERTIFIED_UNIQUE,True,0,2,0.9285714285714286,26,0,0.0,c5b9865823effe12716504653950bb3c0694203f131caa93472d07b9832d2565
branch_mix,merge_tolerable,"format,erase_tolerable",clang,-O0,EXECUTED,True,,,CERTIFIED_UNIQUE,True,0,2,0.9285714285714286,26,26,1.0,c5b9865823effe12716504653950bb3c0694203f131caa93472d07b9832d2565
branch_mix,merge_tolerable,"format,erase_tolerable",clang,-O2,EXECUTED,True,,,CERTIFIED_UNIQUE,True,0,2,0.9285714285714286,26,0,0.0,c5b9865823effe12716504653950bb3c0694203f131caa93472d07b9832d2565
branch_mix,flip_tolerable,merge_tolerable,gcc,-O0,EXECUTED,True,,,CERTIFIED_UNIQUE,True,2,2,0.9285714285714286,26,26,1.0,e976037ac674f4da199c9c94bb61cde49a55beba860776a98c286257b25e542d
branch_mix,flip_tolerable,merge_tolerable,gcc,-O2,EXECUTED,True,,,CERTIFIED_UNIQUE,True,2,2,0.9285714285714286,26,0,0.0,e976037ac674f4da199c9c94bb61cde49a55beba860776a98c286257b25e542d
branch_mix,flip_tolerable,merge_tolerable,clang,-O0,EXECUTED,True,,,CERTIFIED_UNIQUE,True,2,2,0.9285714285714286,26,26,1.0,e976037ac674f4da199c9c94bb61cde49a55beba860776a98c286257b25e542d
branch_mix,flip_tolerable,merge_tolerable,clang,-O2,EXECUTED,True,,,CERTIFIED_UNIQUE,True,2,2,0.9285714285714286,26,0,0.0,e976037ac674f4da199c9c94bb61cde49a55beba860776a98c286257b25e542d
branch_mix,recovery_break,dependency_upgrade,gcc,-O0,EXECUTED,True,,,NOT_CERTIFIED,False,1,1,0.9642857142857143,27,27,1.0,88fbd04e0aa6e274b15fae8fa185dd27c74aea26acc13c4380d323fc54d25355
branch_mix,recovery_break,dependency_upgrade,gcc,-O2,EXECUTED,True,,,NOT_CERTIFIED,False,1,1,0.9642857142857143,27,0,0.0,88fbd04e0aa6e274b15fae8fa185dd27c74aea26acc13c4380d323fc54d25355
branch_mix,recovery_break,dependency_upgrade,clang,-O0,EXECUTED,True,,,NOT_CERTIFIED,False,1,1,0.9642857142857143,27,27,1.0,88fbd04e0aa6e274b15fae8fa185dd27c74aea26acc13c4380d323fc54d25355
branch_mix,recovery_break,dependency_upgrade,clang,-O2,EXECUTED,True,,,NOT_CERTIFIED,False,1,1,0.9642857142857143,27,0,0.0,88fbd04e0aa6e274b15fae8fa185dd27c74aea26acc13c4380d323fc54d25355
branch_mix,reseed,dependency_upgrade,gcc,-O0,EXECUTED,True,,,CERTIFIED_UNIQUE,True,0,0,0.0,28,28,1.0,69c4d9084fab6e1ab7c731e932b95a3a3889725910d52ef21faa3ba34eb8010a
branch_mix,reseed,dependency_upgrade,gcc,-O2,EXECUTED,True,,,CERTIFIED_UNIQUE,True,0,0,0.0,28,0,0.0,69c4d9084fab6e1ab7c731e932b95a3a3889725910d52ef21faa3ba34eb8010a
branch_mix,reseed,dependency_upgrade,clang,-O0,EXECUTED,True,,,CERTIFIED_UNIQUE,True,0,0,0.0,28,28,1.0,69c4d9084fab6e1ab7c731e932b95a3a3889725910d52ef21faa3ba34eb8010a
branch_mix,reseed,dependency_upgrade,clang,-O2,EXECUTED,True,,,CERTIFIED_UNIQUE,True,0,0,0.0,28,0,0.0,69c4d9084fab6e1ab7c731e932b95a3a3889725910d52ef21faa3ba34eb8010a
branch_mix,behavior_drift,dependency_upgrade,gcc,-O0,EXECUTED,False,66,153,CERTIFIED_UNIQUE,True,0,0,1.0,28,28,1.0,55fbf7021db878ad8dc5fac6436b0eb87f74f9793f1522dcc2e7dc66bb703e15
branch_mix,behavior_drift,dependency_upgrade,gcc,-O2,EXECUTED,False,66,153,CERTIFIED_UNIQUE,True,0,0,1.0,28,0,0.0,55fbf7021db878ad8dc5fac6436b0eb87f74f9793f1522dcc2e7dc66bb703e15
branch_mix,behavior_drift,dependency_upgrade,clang,-O0,EXECUTED,False,66,153,CERTIFIED_UNIQUE,True,0,0,1.0,28,28,1.0,55fbf7021db878ad8dc5fac6436b0eb87f74f9793f1522dcc2e7dc66bb703e15
branch_mix,behavior_drift,dependency_upgrade,clang,-O2,EXECUTED,False,66,153,CERTIFIED_UNIQUE,True,0,0,1.0,28,0,0.0,55fbf7021db878ad8dc5fac6436b0eb87f74f9793f1522dcc2e7dc66bb703e15
